Name,Acronym,Email,Bounce Check,University,RAG,First Email,From,Reply,Interested?,,,,,,,,,,,,,,,,,
85 Broads Club,,85broadscambridgeclub@gmail.com,P,Cambridge,YES,27.09.16,John Emmanuel,,,,,,,,,,,,,,,,,,,
9th Art Magazine,,9th.art.cambridge@gmail.com,P,Cambridge,YES,27.09.16,John Emmanuel,,,,,,,,,,,,,,,,,,,
CUSU Access Campaign,,access@cusu.cam.ac.uk,P,Cambridge,YES,27.09.16,John Emmanuel,,,,,,,,,,,,,,,,,,,
Cambridge Advertising and Marketing Society,,adsoc@cusu.cam.ac.uk,P,Cambridge,YES,27.09.16,John Emmanuel,,,,,,,,,,,,,,,,,,,
African Caribbean Society,CUACS,africancaribbean@cusu.cam.ac.uk,P,Cambridge,YES,27.09.16,John Emmanuel,,,,,,,,,,,,,,,,,,,
Afrinspire Cambridge Student Society,ACSS,afrinspirecss@cusu.cam.ac.uk,P,Cambridge,YES,27.09.16,John Emmanuel,,,,,,,,,,,,,,,,,,,
Archaeology Graduate Society,AGS,ags@cusu.cam.ac.uk,P,Cambridge,YES,27.09.16,John Emmanuel,,,,,,,,,,,,,,,,,,,
AIESEC Cambridge,,aiesec@cusu.cam.ac.uk,P,Cambridge,YES,27.09.16,John Emmanuel,,,,,,,,,,,,,,,,,,,
Arab Innovation Network,AIN,ain@cusu.cam.ac.uk,P,Cambridge,YES,27.09.16,John Emmanuel,,,,,,,,,,,,,,,,,,,
Alternative Welcome,,altwelcome-general@srcf.net,P,Cambridge,YES,27.09.16,John Emmanuel,,,,,,,,,,,,,,,,,,,
Amoral Sciences Club,ASC,amoralsciences@cusu.cam.ac.uk,P,Cambridge,YES,27.09.16,John Emmanuel,,,,,,,,,,,,,,,,,,,
Ancient Literature Society,ALS,ancientlit@cusu.cam.ac.uk,P,Cambridge,YES,27.09.16,John Emmanuel,,,,,,,,,,,,,,,,,,,
Anti-Slavery International,,antislavery@cusu.cam.ac.uk,P,Cambridge,YES,27.09.16,John Emmanuel,,,,,,,,,,,,,,,,,,,
Apotheosis Cambridge,ATCC,apotheosis@cusu.cam.ac.uk,P,Cambridge,YES,27.09.16,John Emmanuel,,,,,,,,,,,,,,,,,,,
Arab Society,CUArabSoc,arab@cusu.cam.ac.uk,P,Cambridge,YES,27.09.16,John Emmanuel,,,,,,,,,,,,,,,,,,,
Archaeological Review from Cambridge,ARC,arc@cusu.cam.ac.uk,P,Cambridge,YES,27.09.16,John Emmanuel,,,,,,,,,,,,,,,,,,,
Mathematical Society,The Archimedeans,archim-committee@srcf.ucam.org,P,Cambridge,YES,27.09.16,John Emmanuel,,,,,,,,,,,,,,,,,,,
Australian Rules Football Club,CUARFC,arfc@cusu.cam.ac.uk,P,Cambridge,YES,27.09.16,John Emmanuel,,,,,,,,,,,,,,,,,,,
Armenian Society,CUARMS,armeniansoc@cusu.cam.ac.uk,P,Cambridge,YES,27.09.16,John Emmanuel,,,,,,,,,,,,,,,,,,,
Aid & Save Animal Plant,ASAP,asapsoc@cusu.cam.ac.uk,P,Cambridge,YES,27.09.16,John Emmanuel,,,,,,,,,,,,,,,,,,,
African Society of Cambridge University,ASCU,ascu@cusu.cam.ac.uk,P,Cambridge,YES,27.09.16,John Emmanuel,,,,,,,,,,,,,,,,,,,
Anglo-Saxon Norse & Celtic Society,ASNaC,asnac@cusu.cam.ac.uk,P,Cambridge,YES,27.09.16,John Emmanuel,,,,,,,,,,,,,,,,,,,
Cambridge Assassins' Guild,,assassins-umpire@srcf.ucam.org,P,Cambridge,YES,27.09.16,John Emmanuel,,,,,,,,,,,,,,,,,,,
Athletic Club,CUAC,athleticclub@cusu.cam.ac.uk,P,Cambridge,YES,27.09.16,John Emmanuel,,,,,,,,,,,,,,,,,,,
Automobile Club,CUAC,automobile@cusu.cam.ac.uk,P,Cambridge,YES,27.09.16,John Emmanuel,,,,,,,,,,,,,,,,,,,
Full Blue Racing,,autoracing@cusu.cam.ac.uk,P,Cambridge,YES,27.09.16,John Emmanuel,,,,,,,,,,,,,,,,,,,
Cockerel Badminton Club,CUcBC,badminton@cusu.cam.ac.uk,P,Cambridge,YES,27.09.16,John Emmanuel,,,,,,,,,,,,,,,,,,,
Cambridge University Baha'i Society,CUBS,bahai@cusu.cam.ac.uk,P,Cambridge,YES,27.09.16,John Emmanuel,,,,,,,,,,,,,,,,,,,
Ballet Club,CUBC,ballet@cusu.cam.ac.uk,P,Cambridge,YES,27.09.16,John Emmanuel,,,,,,,,,,,,,,,,,,,
Fitz Barbershop,,barbershop@fitz.cam.ac.uk,P,Cambridge,YES,27.09.16,John Emmanuel,,,,,,,,,,,,,,,,,,,
Baroque Ensemble,CUBE,baroque@cusu.cam.ac.uk,P,Cambridge,YES,27.09.16,John Emmanuel,,,,,,,,,,,,,,,,,,,
Basketball Club,CUBbC,basketball@cusu.cam.ac.uk,P,Cambridge,YES,27.09.16,John Emmanuel,,,,,,,,,,,,,,,,,,,
Emma Big Band,ECMS,bigband@emmamusic.co.uk,P,Cambridge,YES,27.09.16,John Emmanuel,,,,,,,,,,,,,,,,,,,
Biological Society,BioSoc,biological@cusu.cam.ac.uk,P,Cambridge,YES,27.09.16,John Emmanuel,,,,,,,,,,,,,,,,,,,
CUSU Black Students' Campaign,,blackstudents@cusu.cam.ac.uk,P,Cambridge,YES,27.09.16,John Emmanuel,,,,,,,,,,,,,,,,,,,
Israel-Palestine Forum,IPF,bpme@cusu.cam.ac.uk,P,Cambridge,YES,27.09.16,John Emmanuel,,,,,,,,,,,,,,,,,,,
Brass Band Society,CUBBS,brass@cusu.cam.ac.uk,P,Cambridge,YES,27.09.16,John Emmanuel,,,,,,,,,,,,,,,,,,,
Bridge Club,,bridge@cusu.cam.ac.uk,P,Cambridge,YES,27.09.16,John Emmanuel,,,,,,,,,,,,,,,,,,,
Bridge Se,CUBS,bridgese.acappella@gmail.com,P,Cambridge,YES,27.09.16,John Emmanuel,,,,,,,,,,,,,,,,,,,
Brunei Society,CUBS,brunei@cusu.cam.ac.uk,P,Cambridge,YES,27.09.16,John Emmanuel,,,,,,,,,,,,,,,,,,,
Buddhist Society,CUBS,buddhist@cusu.cam.ac.uk,P,Cambridge,YES,27.09.16,John Emmanuel,,,,,,,,,,,,,,,,,,,
Judo Club,CUJC,c.u.judo@sport.cam.ac.uk,P,Cambridge,YES,27.09.16,John Emmanuel,,,,,,,,,,,,,,,,,,,
Men's Lacrosse Club,CULC,c.u.lacrosse@sport.cam.ac.uk,P,Cambridge,YES,27.09.16,John Emmanuel,,,,,,,,,,,,,,,,,,,
Lawn Tennis Club,CULTC,c.u.lawntennis@sport.cam.ac.uk,P,Cambridge,YES,27.09.16,John Emmanuel,,,,,,,,,,,,,,,,,,,
Squash Rackets Club,CUSRC,c.u.squashrackets@sport.cam.ac.uk,P,Cambridge,YES,27.09.16,John Emmanuel,,,,,,,,,,,,,,,,,,,
Trampoline Club,CUTC,c.u.trampoline@sport.cam.ac.uk,P,Cambridge,YES,27.09.16,John Emmanuel,,,,,,,,,,,,,,,,,,,
The Cafe Project,,cafeproject@cusu.cam.ac.uk,P,Cambridge,YES,27.09.16,John Emmanuel,,,,,,,,,,,,,,,,,,,
Leadership Development,CULD,cambleaddevel@cusu.cam.ac.uk,P,Cambridge,YES,27.09.16,John Emmanuel,,,,,,,,,,,,,,,,,,,
Cambridge Neuroscience Society,CamBRAIN,cambrain@cusu.cam.ac.uk,P,Cambridge,YES,27.09.16,John Emmanuel,,,,,,,,,,,,,,,,,,,
Christians at Uni,,cambridge.christiansatuni@gmail.com,P,Cambridge,YES,27.09.16,John Emmanuel,,,,,,,,,,,,,,,,,,,
Ecology Education Society,,cambridge.ecology@outlook.com,P,Cambridge,YES,27.09.16,John Emmanuel,,,,,,,,,,,,,,,,,,,
Cambridge Samulnori,,cambridge.samulnori@gmail.com,P,Cambridge,YES,27.09.16,John Emmanuel,,,,,,,,,,,,,,,,,,,
Wilderness Medicine Society,CUWMS,cambridge.wms@gmail.com,P,Cambridge,YES,27.09.16,John Emmanuel,,,,,,,,,,,,,,,,,,,
"80,000 Hours",,cambridge@80000hours.org,P,Cambridge,YES,27.09.16,John Emmanuel,,,,,,,,,,,,,,,,,,,
Cambridge Young Greens,CYG,cambridge@younggreens.org.uk,P,Cambridge,YES,27.09.16,John Emmanuel,,,,,,,,,,,,,,,,,,,
Aerial Arts Society,,cambridgeaerial@gmail.com,P,Cambridge,YES,27.09.16,John Emmanuel,,,,,,,,,,,,,,,,,,,
The Cambridge Bubble,,cambridgebubble@gmail.com,P,Cambridge,YES,27.09.16,John Emmanuel,,,,,,,,,,,,,,,,,,,
Cambridge Fabian Society,,cambridgefabians@cusu.cam.ac.uk,P,Cambridge,YES,27.09.16,John Emmanuel,,,,,,,,,,,,,,,,,,,
Foodcycle Cambridge,,cambridgefoodcycle@gmail.com,P,Cambridge,YES,27.09.16,John Emmanuel,,,,,,,,,,,,,,,,,,,
Cambridge Hub,,cambridgehub@cusu.cam.ac.uk,P,Cambridge,YES,27.09.16,John Emmanuel,,,,,,,,,,,,,,,,,,,
Cambridge Literary Review,CLR,cambridgeliteraryreview@googlemail.com,P,Cambridge,YES,27.09.16,John Emmanuel,,,,,,,,,,,,,,,,,,,
Cambridge Journal of Literature,,cambridgeliterature@cusu.cam.ac.uk,P,Cambridge,YES,27.09.16,John Emmanuel,,,,,,,,,,,,,,,,,,,
Marrow,,cambridgemarrow1@googlemail.com,P,Cambridge,YES,27.09.16,John Emmanuel,,,,,,,,,,,,,,,,,,,
Cambridge PEN,,cambridgepen@gmail.com,P,Cambridge,YES,27.09.16,John Emmanuel,,,,,,,,,,,,,,,,,,,
Horse Racing Club,CUHRC,cambridgeracing@cusu.cam.ac.uk,P,Cambridge,YES,27.09.16,John Emmanuel,,,,,,,,,,,,,,,,,,,
Cambridge Theatre Review,CTR,cambridgetr@cusu.cam.ac.uk,P,Cambridge,YES,27.09.16,John Emmanuel,,,,,,,,,,,,,,,,,,,
Cambridge University TV,CU-TV,cambridgeunitv@cusu.cam.ac.uk,P,Cambridge,YES,27.09.16,John Emmanuel,,,,,,,,,,,,,,,,,,,
Buddhism & Meditation Society,CUBAMS,cambudmedsoc@cusu.cam.ac.uk,P,Cambridge,YES,27.09.16,John Emmanuel,,,,,,,,,,,,,,,,,,,
East African Society,CamEAS,cameas@cusu.cam.ac.uk,P,Cambridge,YES,27.09.16,John Emmanuel,,,,,,,,,,,,,,,,,,,
Graduate Law Society,CUGLS,camgradlawsoc@gmail.com,P,Cambridge,YES,27.09.16,John Emmanuel,,,,,,,,,,,,,,,,,,,
Cambridge Neurological Society,CNS,camneurosoc@cusu.cam.ac.uk,P,Cambridge,YES,27.09.16,John Emmanuel,,,,,,,,,,,,,,,,,,,
Social & Economic Development Society,CAMSED,camsed@cusu.cam.ac.uk,P,Cambridge,YES,27.09.16,John Emmanuel,,,,,,,,,,,,,,,,,,,
Cambridge University Skateboarding Team,,camskateteam@outlook.com,P,Cambridge,YES,27.09.16,John Emmanuel,,,,,,,,,,,,,,,,,,,
Student Social Enterprise Incubator,,camsocincubator@cusu.cam.ac.uk,P,Cambridge,YES,27.09.16,John Emmanuel,,,,,,,,,,,,,,,,,,,
Canoe Club,CUCC,canoe@cusu.cam.ac.uk,P,Cambridge,YES,27.09.16,John Emmanuel,,,,,,,,,,,,,,,,,,,
Cantabulgarian,CantaBG,cantabg@cusu.cam.ac.uk,P,Cambridge,YES,27.09.16,John Emmanuel,,,,,,,,,,,,,,,,,,,
Capoeira Angola Cambridge,CAC,capoeiraangolacambridge@gmail.com,P,Cambridge,YES,27.09.16,John Emmanuel,,,,,,,,,,,,,,,,,,,
Catz Film,SCCFS,catzfilm@cusu.cam.ac.uk,P,Cambridge,YES,27.09.16,John Emmanuel,,,,,,,,,,,,,,,,,,,
Caving Club,CUCC,caving@cusu.cam.ac.uk,P,Cambridge,YES,27.09.16,John Emmanuel,,,,,,,,,,,,,,,,,,,
Chinese Students' Communication Society,CBridgers,cbridgers@cusu.cam.ac.uk,P,Cambridge,YES,27.09.16,John Emmanuel,,,,,,,,,,,,,,,,,,,
Cambridge Chinese Classics,CamCC,ccc@cusu.cam.ac.uk,P,Cambridge,YES,27.09.16,John Emmanuel,,,,,,,,,,,,,,,,,,,
Cambridge Chinese Christian Fellowship,CCCF,cccf@cusu.cam.ac.uk,P,Cambridge,YES,27.09.16,John Emmanuel,,,,,,,,,,,,,,,,,,,
Christ's College Theatre Society,ccshowsoc,ccshowsoc@cusu.cam.ac.uk,P,Cambridge,YES,27.09.16,John Emmanuel,,,,,,,,,,,,,,,,,,,
Cambridge Defend Education,,cde@cusu.cam.ac.uk,P,Cambridge,YES,27.09.16,John Emmanuel,,,,,,,,,,,,,,,,,,,
Ceilidh Band,CUCB,ceilidh@cusu.cam.ac.uk,P,Cambridge,YES,27.09.16,John Emmanuel,,,,,,,,,,,,,,,,,,,
Cambridge Graduate Course in Medicine Society,CGCMSoc,cgcmsoc@cusu.cam.ac.uk,P,Cambridge,YES,27.09.16,John Emmanuel,,,,,,,,,,,,,,,,,,,
Christian Graduate Society,CGS,cgs@cusu.cam.ac.uk,P,Cambridge,YES,27.09.16,John Emmanuel,,,,,,,,,,,,,,,,,,,
Amnesty International,,ch609@cam.ac.uk,P,Cambridge,YES,27.09.16,John Emmanuel,,,,,,,,,,,,,,,,,,,
Chabad Jewish Society,,chabad@cusu.cam.ac.uk,P,Cambridge,YES,27.09.16,John Emmanuel,,,,,,,,,,,,,,,,,,,
Catholic Chaplaincy,,chaplain@fisherhouse.org.uk,P,Cambridge,YES,27.09.16,John Emmanuel,,,,,,,,,,,,,,,,,,,
The Harry Potter Allliance,CHASERS,chasers@cusu.cam.ac.uk,P,Cambridge,YES,27.09.16,John Emmanuel,,,,,,,,,,,,,,,,,,,
Cheerleading Society,CUCS,cheerleading@cusu.cam.ac.uk,P,Cambridge,YES,27.09.16,John Emmanuel,,,,,,,,,,,,,,,,,,,
Chemical Society,ChemSoc,chemical@cusu.cam.ac.uk,P,Cambridge,YES,27.09.16,John Emmanuel,,,,,,,,,,,,,,,,,,,
Chemical Engineering Society,CUCES,chemicalengineering@cusu.cam.ac.uk,P,Cambridge,YES,27.09.16,John Emmanuel,,,,,,,,,,,,,,,,,,,
Chess Club,CUCC,chess@cusu.cam.ac.uk,P,Cambridge,YES,27.09.16,John Emmanuel,,,,,,,,,,,,,,,,,,,
Chilean Society,,chilesoc@cusu.cam.ac.uk,P,Cambridge,YES,27.09.16,John Emmanuel,,,,,,,,,,,,,,,,,,,
Chinese Cultural Society,CUCCS,chineseculture@cusu.cam.ac.uk,P,Cambridge,YES,27.09.16,John Emmanuel,,,,,,,,,,,,,,,,,,,
Chinese New Year Trust,CUCNY,chinesenewyeartrust@cusu.cam.ac.uk,P,Cambridge,YES,27.09.16,John Emmanuel,,,,,,,,,,,,,,,,,,,
Cambridge Hong-Kong Operation for International Children's Education,CHOICE,choice@cusu.cam.ac.uk,P,Cambridge,YES,27.09.16,John Emmanuel,,,,,,,,,,,,,,,,,,,
Trinity College Choir,,choir@trin.cam.ac.uk,P,Cambridge,YES,27.09.16,John Emmanuel,,,,,,,,,,,,,,,,,,,
Cambridge Homeless Outreach Program,CHOP,chop@cusu.cam.ac.uk,P,Cambridge,YES,27.09.16,John Emmanuel,,,,,,,,,,,,,,,,,,,
Christians in Sport,CIS,christiansinsport@cusu.cam.ac.uk,P,Cambridge,YES,27.09.16,John Emmanuel,,,,,,,,,,,,,,,,,,,
Christ's Films,,christsfilms@cusu.cam.ac.uk,P,Cambridge,YES,27.09.16,John Emmanuel,,,,,,,,,,,,,,,,,,,
Churchill Jazz band,ChuJazz,chujazzband@cusu.cam.ac.uk,P,Cambridge,YES,27.09.16,John Emmanuel,,,,,,,,,,,,,,,,,,,
Cambridge Inter-Collegiate Christian Union,CICCU,ciccu@cusu.cam.ac.uk,P,Cambridge,YES,27.09.16,John Emmanuel,,,,,,,,,,,,,,,,,,,
Cambridge Film Association,,cinecam@cusu.cam.ac.uk,P,Cambridge,YES,27.09.16,John Emmanuel,,,,,,,,,,,,,,,,,,,
Watersprite,,cisff@cusu.cam.ac.uk,P,Cambridge,YES,27.09.16,John Emmanuel,,,,,,,,,,,,,,,,,,,
Clare Comedy,,clarecomedy@cusu.cam.ac.uk,P,Cambridge,YES,27.09.16,John Emmanuel,,,,,,,,,,,,,,,,,,,
Cambridge Climate Coalition,,climatecoalition@cusu.cam.ac.uk,P,Cambridge,YES,27.09.16,John Emmanuel,,,,,,,,,,,,,,,,,,,
Clinical Students' Society,ClinSoc,clinsoc@cusu.cam.ac.uk,P,Cambridge,YES,27.09.16,John Emmanuel,,,,,,,,,,,,,,,,,,,
History Society,CLIO,clio@cusu.cam.ac.uk,P,Cambridge,YES,27.09.16,John Emmanuel,,,,,,,,,,,,,,,,,,,
Cambridge Comics Creators' Collective,C4,cmb88@cam.ac.uk,P,Cambridge,YES,27.09.16,John Emmanuel,,,,,,,,,,,,,,,,,,,
Cambridge Medicine Journal,CMJ,cmj@cusu.cam.ac.uk,P,Cambridge,YES,27.09.16,John Emmanuel,,,,,,,,,,,,,,,,,,,
Cambridge Carbon Nanotube Society,CamCNTsoC,cntatcambridge@cusu.cam.ac.uk,P,Cambridge,YES,27.09.16,John Emmanuel,,,,,,,,,,,,,,,,,,,
Cambridge Oriental Culture Association,COCA,coca@cusu.cam.ac.uk,P,Cambridge,YES,27.09.16,John Emmanuel,,,,,,,,,,,,,,,,,,,
Securities Trading Club,,committee@custc.co.uk,P,Cambridge,YES,27.09.16,John Emmanuel,,,,,,,,,,,,,,,,,,,
Student-Run Computing Facility,SRCF,committee@srcf.net,P,Cambridge,YES,27.09.16,John Emmanuel,,,,,,,,,,,,,,,,,,,
Commonwealth Society,CUCS,commonwealth@cusu.cam.ac.uk,P,Cambridge,YES,27.09.16,John Emmanuel,,,,,,,,,,,,,,,,,,,
Communist Society,CUCS,comsoc@cusu.cam.ac.uk,P,Cambridge,YES,27.09.16,John Emmanuel,,,,,,,,,,,,,,,,,,,
University of Cambridge Concert Band,UCCB,concertband@cusu.cam.ac.uk,P,Cambridge,YES,27.09.16,John Emmanuel,,,,,,,,,,,,,,,,,,,
Conservative Association,CUCA,conservative@cusu.cam.ac.uk,P,Cambridge,YES,27.09.16,John Emmanuel,,,,,,,,,,,,,,,,,,,
Consulting Initiative,CUCI,consinit@cusu.cam.ac.uk,P,Cambridge,YES,27.09.16,John Emmanuel,,,,,,,,,,,,,,,,,,,
Consulting Society,CUCS,consultingclub@cusu.cam.ac.uk,P,Cambridge,YES,27.09.16,John Emmanuel,,,,,,,,,,,,,,,,,,,
Cambridge University Volleyball Club,CUVC,contact@cuvc.org,P,Cambridge,YES,27.09.16,John Emmanuel,,,,,,,,,,,,,,,,,,,
Selwyn Jazz,,contact@selwynjazz.com,P,Cambridge,YES,27.09.16,John Emmanuel,,,,,,,,,,,,,,,,,,,
Cambridge One Piece Society,COPS,cops@cusu.cam.ac.uk,P,Cambridge,YES,27.09.16,John Emmanuel,,,,,,,,,,,,,,,,,,,
Corpus Christi College Boat Club,CCCBC,corpusrowing@cusu.cam.ac.uk,P,Cambridge,YES,27.09.16,John Emmanuel,,,,,,,,,,,,,,,,,,,
Country Sports Society,CUCSS,countrysports@cusu.cam.ac.uk,P,Cambridge,YES,27.09.16,John Emmanuel,,,,,,,,,,,,,,,,,,,
Cambridge Rare Earths Society,CRE,cresociety@cusu.cam.ac.uk,P,Cambridge,YES,27.09.16,John Emmanuel,,,,,,,,,,,,,,,,,,,
Croquet Club,CUCC,croquet@cusu.cam.ac.uk,P,Cambridge,YES,27.09.16,John Emmanuel,,,,,,,,,,,,,,,,,,,
Chinese Students and Scholars Association in Cambridge,CSSA-CAM,cssacam@cusu.cam.ac.uk,P,Cambridge,YES,27.09.16,John Emmanuel,,,,,,,,,,,,,,,,,,,
Chinese Society,CUCS,cu.chinesesociety@gmail.com,P,Cambridge,YES,27.09.16,John Emmanuel,,,,,,,,,,,,,,,,,,,
Endocrinology Society,CUES,cu.endocrine@gmail.com,P,Cambridge,YES,27.09.16,John Emmanuel,,,,,,,,,,,,,,,,,,,
Cambridge University American Society,,cuamericansociety@cusu.cam.ac.uk,P,Cambridge,YES,27.09.16,John Emmanuel,,,,,,,,,,,,,,,,,,,
Rugby League Football Club,CUARLFC,cuarlfc@cusu.cam.ac.uk,P,Cambridge,YES,27.09.16,John Emmanuel,,,,,,,,,,,,,,,,,,,
Bowmen,,cub@cusu.cam.ac.uk,P,Cambridge,YES,27.09.16,John Emmanuel,,,,,,,,,,,,,,,,,,,
Behavioural Economics Society,CUBES,cubes@cusu.cam.ac.uk,P,Cambridge,YES,27.09.16,John Emmanuel,,,,,,,,,,,,,,,,,,,
Bobbin Lace-Making Club,CUBLMC,cublmc@cusu.cam.ac.uk,P,Cambridge,YES,27.09.16,John Emmanuel,,,,,,,,,,,,,,,,,,,
Breakdance Club,CUBiC,cubreaking@gmail.com,P,Cambridge,YES,27.09.16,John Emmanuel,,,,,,,,,,,,,,,,,,,
Blind Wine Tasting Society,CUBWTS,cubwts@cusu.cam.ac.uk,P,Cambridge,YES,27.09.16,John Emmanuel,,,,,,,,,,,,,,,,,,,
Computing & Technology Society,CUCaTS,cucats-executive@srcf.net,P,Cambridge,YES,27.09.16,John Emmanuel,,,,,,,,,,,,,,,,,,,
Cambridge City Supporters Association,CUCCSA,cuccsa@cusu.cam.ac.uk,P,Cambridge,YES,27.09.16,John Emmanuel,,,,,,,,,,,,,,,,,,,
Cryptographic Currency Society,CUCCS,cuccsoc@cusu.cam.ac.uk,P,Cambridge,YES,27.09.16,John Emmanuel,,,,,,,,,,,,,,,,,,,
Charity Fashion Show,CUCFS,cucfs@cusu.cam.ac.uk,P,Cambridge,YES,27.09.16,John Emmanuel,,,,,,,,,,,,,,,,,,,
Classical Guitar Society,CUCGSoc,cucgsoc@cusu.cam.ac.uk,P,Cambridge,YES,27.09.16,John Emmanuel,,,,,,,,,,,,,,,,,,,
Chilean Society,CUChileSoc,cuchilesoc@cusu.cam.ac.uk,P,Cambridge,YES,27.09.16,John Emmanuel,,,,,,,,,,,,,,,,,,,
Christian Drama Society,CUCDS,cuchristiandrama@cusu.cam.ac.uk,P,Cambridge,YES,27.09.16,John Emmanuel,,,,,,,,,,,,,,,,,,,
Cambridge University Chinese Innovation & Entrepreneurship Club,,cuciec@cusu.cam.ac.uk,P,Cambridge,YES,27.09.16,John Emmanuel,,,,,,,,,,,,,,,,,,,
Students' Clinical Research Society,CUSCRS,cucrs@cusu.cam.ac.uk,P,Cambridge,YES,27.09.16,John Emmanuel,,,,,,,,,,,,,,,,,,,
Darts Club,CUDC,cudartsclub@cusu.cam.ac.uk,P,Cambridge,YES,27.09.16,John Emmanuel,,,,,,,,,,,,,,,,,,,
Environmental Consulting Society,CUECS,cuecs@cusu.cam.ac.uk,P,Cambridge,YES,27.09.16,John Emmanuel,,,,,,,,,,,,,,,,,,,
Energy Network,CUEN ,cuen@cusu.cam.ac.uk,P,Cambridge,YES,27.09.16,John Emmanuel,,,,,,,,,,,,,,,,,,,
Estonian Society,CUEST,cuest@cusu.cam.ac.uk,P,Cambridge,YES,27.09.16,John Emmanuel,,,,,,,,,,,,,,,,,,,
Hula Hoop Society,HulaHoops,cuhulahoops@cusu.cam.ac.uk,P,Cambridge,YES,27.09.16,John Emmanuel,,,,,,,,,,,,,,,,,,,
Indian Classical Arts Society,CUICAS,cuicas@cusu.cam.ac.uk,P,Cambridge,YES,27.09.16,John Emmanuel,,,,,,,,,,,,,,,,,,,
Cambridge University Intercollegiate Debating Society,,cuintercollegiatedebating@gmail.com,P,Cambridge,YES,27.09.16,John Emmanuel,,,,,,,,,,,,,,,,,,,
Japanese Interdisciplinary Forum,Toiro-kai,cujif@cusu.cam.ac.uk,P,Cambridge,YES,27.09.16,John Emmanuel,,,,,,,,,,,,,,,,,,,
Jiu-Jitsu Club,CUJJC,cujjc@cusu.cam.ac.uk,P,Cambridge,YES,27.09.16,John Emmanuel,,,,,,,,,,,,,,,,,,,
Kazakh Society,CUKS,cukazakh@cusu.cam.ac.uk,P,Cambridge,YES,27.09.16,John Emmanuel,,,,,,,,,,,,,,,,,,,
League of Legends Group,CULOL,culeagueoflegends@gmail.com,P,Cambridge,YES,27.09.16,John Emmanuel,,,,,,,,,,,,,,,,,,,
Lightweight Rowing Club,CULRC,culrc@cusu.cam.ac.uk,P,Cambridge,YES,27.09.16,John Emmanuel,,,,,,,,,,,,,,,,,,,
Malaysia & Singapore Association,CUMSA,cumsa@cusu.cam.ac.uk,P,Cambridge,YES,27.09.16,John Emmanuel,,,,,,,,,,,,,,,,,,,
Nanotechonology Society,CUNanoSoc,cunanosoc@cusu.cam.ac.uk,P,Cambridge,YES,27.09.16,John Emmanuel,,,,,,,,,,,,,,,,,,,
Oriental Dance Association,CUODA,cuoda.comm@gmail.com,P,Cambridge,YES,27.09.16,John Emmanuel,,,,,,,,,,,,,,,,,,,
Society for Public Health,CUSP,cuphes@cusu.cam.ac.uk,P,Cambridge,YES,27.09.16,John Emmanuel,,,,,,,,,,,,,,,,,,,
Polish Society,PolSoc,cupolsoc@gmail.com,P,Cambridge,YES,27.09.16,John Emmanuel,,,,,,,,,,,,,,,,,,,
Royal Navy Unit,CURNU,curnu@cusu.cam.ac.uk,P,Cambridge,YES,27.09.16,John Emmanuel,,,,,,,,,,,,,,,,,,,
Currach Rowing Association,CUCRA,currach@cusu.cam.ac.uk,P,Cambridge,YES,27.09.16,John Emmanuel,,,,,,,,,,,,,,,,,,,
Sub-Saharan African Fund for Education,CUSAFE,cusafe@cusu.cam.ac.uk,P,Cambridge,YES,27.09.16,John Emmanuel,,,,,,,,,,,,,,,,,,,
Savate Kickboxing & Cane Fighting Society,SCS,cuscs09@gmail.com,P,Cambridge,YES,27.09.16,John Emmanuel,,,,,,,,,,,,,,,,,,,
String Ensemble,CUSE,cuse@cusu.cam.ac.uk,P,Cambridge,YES,27.09.16,John Emmanuel,,,,,,,,,,,,,,,,,,,
Show Choir,CUSHCH,cushch@cusu.cam.ac.uk,P,Cambridge,YES,27.09.16,John Emmanuel,,,,,,,,,,,,,,,,,,,
Society for SOS Children's Villages,SOS,cusos@cusu.cam.ac.uk,P,Cambridge,YES,27.09.16,John Emmanuel,,,,,,,,,,,,,,,,,,,
Strathspey & Reel Club,CUSRC,cusrc@cusu.cam.ac.uk,P,Cambridge,YES,27.09.16,John Emmanuel,,,,,,,,,,,,,,,,,,,
Swimming & Water Polo Club,CUSWPC,cuswpc@cusu.cam.ac.uk,P,Cambridge,YES,27.09.16,John Emmanuel,,,,,,,,,,,,,,,,,,,
Tenpin Bowling Club,TBC,cutbc@cusu.cam.ac.uk,P,Cambridge,YES,27.09.16,John Emmanuel,,,,,,,,,,,,,,,,,,,
CUTEC,CUTEC,cutec@cusu.cam.ac.uk,P,Cambridge,YES,27.09.16,John Emmanuel,,,,,,,,,,,,,,,,,,,
Thai Society,CUTS,cuts@cusu.cam.ac.uk,P,Cambridge,YES,27.09.16,John Emmanuel,,,,,,,,,,,,,,,,,,,
United Nations Association,CUUNA,cuuna@cusu.cam.ac.uk,P,Cambridge,YES,27.09.16,John Emmanuel,,,,,,,,,,,,,,,,,,,
Women's Association Football Club,CUWAFC,cuwafc@cusu.cam.ac.uk,P,Cambridge,YES,27.09.16,John Emmanuel,,,,,,,,,,,,,,,,,,,
Cambridge University Whisky Appreciation Society,CUWAS,cuwas-subscribers-join@srcf.net,P,Cambridge,YES,27.09.16,John Emmanuel,,,,,,,,,,,,,,,,,,,
Women's Cricket Club,CUWCC,cuwcc@cusu.cam.ac.uk,P,Cambridge,YES,27.09.16,John Emmanuel,,,,,,,,,,,,,,,,,,,
Cambridge Creative Writing Society,cWriting,cwriting@cusu.cam.ac.uk,P,Cambridge,YES,27.09.16,John Emmanuel,,,,,,,,,,,,,,,,,,,
Cambridge University Cycling Club,CUCC,cycling@cusu.cam.ac.uk,P,Cambridge,YES,27.09.16,John Emmanuel,,,,,,,,,,,,,,,,,,,
Cambridge Dance Society,CUDS,dance@cusu.cam.ac.uk,P,Cambridge,YES,27.09.16,John Emmanuel,,,,,,,,,,,,,,,,,,,
Dancesport Team,CUDT,dancesport@cusu.cam.ac.uk,P,Cambridge,YES,27.09.16,John Emmanuel,,,,,,,,,,,,,,,,,,,
St Edmund's College Choir,StEdsChoir,dean@st-edmunds.cam.ac.uk,P,Cambridge,YES,27.09.16,John Emmanuel,,,,,,,,,,,,,,,,,,,
American Democrats,CUAD,democrats@cusu.cam.ac.uk,P,Cambridge,YES,27.09.16,John Emmanuel,,,,,,,,,,,,,,,,,,,
Diplomacy and Board Gaming Society,DipSoc,diplomacy@cusu.cam.ac.uk,P,Cambridge,YES,27.09.16,John Emmanuel,,,,,,,,,,,,,,,,,,,
Education Society Cambridge,ESC,director.edsoc@gmail.com,P,Cambridge,YES,27.09.16,John Emmanuel,,,,,,,,,,,,,,,,,,,
Cambridge University Diving Team,,divingteam@cusu.cam.ac.uk,P,Cambridge,YES,27.09.16,John Emmanuel,,,,,,,,,,,,,,,,,,,
Doctor Who Society,CUDWS,doctorwho@cusu.cam.ac.uk,P,Cambridge,YES,27.09.16,John Emmanuel,,,,,,,,,,,,,,,,,,,
Duke of Edinburgh's Award Society,CUDEAS,dukeofedinburgh@cusu.cam.ac.uk,P,Cambridge,YES,27.09.16,John Emmanuel,Yes,No,,,,,,,,,,,,,,,,,
Dutch Society,,dutch@cusu.cam.ac.uk,P,Cambridge,YES,27.09.16,John Emmanuel,,,,,,,,,,,,,,,,,,,
Emmanuel College & Art Photography Society,ECAPS,ecaps@cusu.cam.ac.uk,P,Cambridge,YES,27.09.16,John Emmanuel,,,,,,,,,,,,,,,,,,,
Cambia,,ecohouseinitiative@cusu.cam.ac.uk,P,Cambridge,YES,27.09.16,John Emmanuel,,,,,,,,,,,,,,,,,,,
The Cambridge Society for Economic Pluralism,CSEP,econpluralism@cusu.cam.ac.uk,P,Cambridge,YES,27.09.16,John Emmanuel,,,,,,,,,,,,,,,,,,,
Electronic Music Society,EDMSoc,edmsoc@cusu.cam.ac.uk,P,Cambridge,YES,27.09.16,John Emmanuel,,,,,,,,,,,,,,,,,,,
English Language Studies for Tibetans,,elstvolunteering@cusu.cam.ac.uk,P,Cambridge,YES,27.09.16,John Emmanuel,,,,,,,,,,,,,,,,,,,
Himalayan & English Language Scholarships for Tibetans,CU-HELST,elstvolunteering@gmail.com,P,Cambridge,YES,27.09.16,John Emmanuel,,,,,,,,,,,,,,,,,,,
Nightline,,email@cambridge.nightline.ac.uk,P,Cambridge,YES,27.09.16,John Emmanuel,,,,,,,,,,,,,,,,,,,
Energise Cambridge,,energisecambridge@cusu.cam.ac.uk,P,Cambridge,YES,27.09.16,John Emmanuel,,,,,,,,,,,,,,,,,,,
Engineering Society,CUES,engineering@cusu.cam.ac.uk,P,Cambridge,YES,27.09.16,John Emmanuel,,,,,,,,,,,,,,,,,,,
English Society & Chameleon,,english@cusu.cam.ac.uk,P,Cambridge,YES,27.09.16,John Emmanuel,,,,,,,,,,,,,,,,,,,
Careers Services,,enquiries@careers.cam.ac.uk,P,Cambridge,YES,27.09.16,John Emmanuel,,,,,,,,,,,,,,,,,,,
"Centre for Research in the Arts, Social Sciences & Humanities",CRASSH,enquiries@crassh.cam.ac.uk,P,Cambridge,YES,27.09.16,John Emmanuel,,,,,,,,,,,,,,,,,,,
Graduate Union,GU,enquiries@gradunion.cam.ac.uk,P,Cambridge,YES,27.09.16,John Emmanuel,,,,,,,,,,,,,,,,,,,
Cambridge Entrepreneurs,CUE,entrepreneurs@cusu.cam.ac.uk,P,Cambridge,YES,27.09.16,John Emmanuel,,,,,,,,,,,,,,,,,,,
CUSU Ents,,ents-manager@cusu.cam.ac.uk,P,Cambridge,YES,27.09.16,John Emmanuel,,,,,,,,,,,,,,,,,,,
Education Partnerships Africa,CUEPAfrica,epafrica@cusu.cam.ac.uk,P,Cambridge,YES,27.09.16,John Emmanuel,,,,,,,,,,,,,,,,,,,
Archaeological Field Club,AFC,es578@cam.ac.uk,P,Cambridge,YES,27.09.16,John Emmanuel,,,,,,,,,,,,,,,,,,,
Society for the University of Cambridge Division of Archaeology,,es578@cam.ac.uk,P,Cambridge,YES,27.09.16,John Emmanuel,,,,,,,,,,,,,,,,,,,
Cambridge Esperanto Group,KEG,esperanto@cusu.cam.ac.uk,P,Cambridge,YES,27.09.16,John Emmanuel,,,,,,,,,,,,,,,,,,,
Eton Fives Club,CUEFC,etonfives@cusu.cam.ac.uk,P,Cambridge,YES,27.09.16,John Emmanuel,,,,,,,,,,,,,,,,,,,
European Theatre Group,ETG,europeantheatre@cusu.cam.ac.uk,P,Cambridge,YES,27.09.16,John Emmanuel,,,,,,,,,,,,,,,,,,,
Expeditions Society,CUEX,expeditions@cusu.cam.ac.uk,P,Cambridge,YES,27.09.16,John Emmanuel,,,,,,,,,,,,,,,,,,,
Cambridge Feminist society,CamFemSoc,feministsoc@cusu.cam.ac.uk,P,Cambridge,YES,27.09.16,John Emmanuel,,,,,,,,,,,,,,,,,,,
Fencing Club,,fencing@cusu.cam.ac.uk,P,Cambridge,YES,27.09.16,John Emmanuel,,,,,,,,,,,,,,,,,,,
Finnish Society,,finnish@cusu.cam.ac.uk,P,Cambridge,YES,27.09.16,John Emmanuel,,,,,,,,,,,,,,,,,,,
Fire Troupe,CUFT,firetroupe@cusu.cam.ac.uk,P,Cambridge,YES,27.09.16,John Emmanuel,,,,,,,,,,,,,,,,,,,
First Aid Society,CUFAS,firstaid@cusu.cam.ac.uk,P,Cambridge,YES,27.09.16,John Emmanuel,,,,,,,,,,,,,,,,,,,
The Fitzwilliam Museum Society,FMS,fitzmuseum@cusu.cam.ac.uk,P,Cambridge,YES,27.09.16,John Emmanuel,,,,,,,,,,,,,,,,,,,
Fitzwilliam College Debating Society,,fitzwilliamdebating@gmail.com,P,Cambridge,YES,27.09.16,John Emmanuel,,,,,,,,,,,,,,,,,,,
Corpus Christi College Fletcher Players,,fletcherplayers@cusu.cam.ac.uk,P,Cambridge,YES,27.09.16,John Emmanuel,,,,,,,,,,,,,,,,,,,
Chocolate Society,ChocSoc,flopppe@hotmail.com,P,Cambridge,YES,27.09.16,John Emmanuel,,,,,,,,,,,,,,,,,,,
Flute Choir,CUFlC,flutesoc@cusu.cam.ac.uk,P,Cambridge,YES,27.09.16,John Emmanuel,,,,,,,,,,,,,,,,,,,
Friends of MSF,CUFoMSF,friendsofmsf@cusu.cam.ac.uk,P,Cambridge,YES,27.09.16,John Emmanuel,,,,,,,,,,,,,,,,,,,
Girton Amateur Dramatic Society,GADS,gadsenquiries@gmail.com,P,Cambridge,YES,27.09.16,John Emmanuel,,,,,,,,,,,,,,,,,,,
Cambridge Gamelan Society,CGS,gamelan@cusu.cam.ac.uk,P,Cambridge,YES,27.09.16,John Emmanuel,,,,,,,,,,,,,,,,,,,
Geographical Society,CUGS,geographical@cusu.cam.ac.uk,P,Cambridge,YES,27.09.16,John Emmanuel,,,,,,,,,,,,,,,,,,,
German Society,CUGS,germansociety@cusu.cam.ac.uk,P,Cambridge,YES,27.09.16,John Emmanuel,,,,,,,,,,,,,,,,,,,
Get Real Cambridge,GR,getrealcambridge@cusu.cam.ac.uk,P,Cambridge,YES,27.09.16,John Emmanuel,,,,,,,,,,,,,,,,,,,
Ghanaian Society,CUGS,ghanaian@cusu.cam.ac.uk,P,Cambridge,YES,27.09.16,John Emmanuel,,,,,,,,,,,,,,,,,,,
Backgammon Society,,gjt32@cam.ac.uk,P,Cambridge,YES,27.09.16,John Emmanuel,,,,,,,,,,,,,,,,,,,
Gliding Club,CUGC,gliding@cusu.cam.ac.uk,P,Cambridge,YES,27.09.16,John Emmanuel,,,,,,,,,,,,,,,,,,,
Global Zero,CUGZ,globalzero@cusu.cam.ac.uk,P,Cambridge,YES,27.09.16,John Emmanuel,,,,,,,,,,,,,,,,,,,
Go Society,CUGOS,go@cusu.cam.ac.uk,P,Cambridge,YES,27.09.16,John Emmanuel,,,,,,,,,,,,,,,,,,,
Golf Club,CUGC,golf@cusu.cam.ac.uk,P,Cambridge,YES,27.09.16,John Emmanuel,,,,,,,,,,,,,,,,,,,
Granta Blue Morris,,grantabluemorris@cusu.cam.ac.uk,P,Cambridge,YES,27.09.16,John Emmanuel,,,,,,,,,,,,,,,,,,,
Granta Rats,CUGR,grantarats@cusu.cam.ac.uk,P,Cambridge,YES,27.09.16,John Emmanuel,,,,,,,,,,,,,,,,,,,
Gray's Inn Association,CUGIA,graysinn@cusu.cam.ac.uk,P,Cambridge,YES,27.09.16,John Emmanuel,,,,,,,,,,,,,,,,,,,
GreenBRIDGE,,greenbridge@cusu.cam.ac.uk,P,Cambridge,YES,27.09.16,John Emmanuel,,,,,,,,,,,,,,,,,,,
Olympic Gymnastics Club,CUOGC,gymnastics@cusu.cam.ac.uk,P,Cambridge,YES,27.09.16,John Emmanuel,,,,,,,,,,,,,,,,,,,
Handball Club,CUHB,handball@cusu.cam.ac.uk,P,Cambridge,YES,27.09.16,John Emmanuel,,,,,,,,,,,,,,,,,,,
Hare & Hounds,CUH&H,hareandhounds@cusu.cam.ac.uk,P,Cambridge,YES,27.09.16,John Emmanuel,,,,,,,,,,,,,,,,,,,
The Hawks' Club,,hawksclub@cusu.cam.ac.uk,P,Cambridge,YES,27.09.16,John Emmanuel,,,,,,,,,,,,,,,,,,,
Heartstart,,heartstart@cusu.cam.ac.uk,P,Cambridge,YES,27.09.16,John Emmanuel,,,,,,,,,,,,,,,,,,,
Helambu Education and Livelihood Project,CUHELP,helambuvolunteering@cusu.cam.ac.uk,P,Cambridge,YES,27.09.16,John Emmanuel,,,,,,,,,,,,,,,,,,,
Heraldic & Genealogical Society,CUHAGS,heraldic@cusu.cam.ac.uk,P,Cambridge,YES,27.09.16,John Emmanuel,,,,,,,,,,,,,,,,,,,
The Heywood Society,,heywood@cusu.cam.ac.uk,P,Cambridge,YES,27.09.16,John Emmanuel,,,,,,,,,,,,,,,,,,,
Hillwalking Club,CUHWC,hillwalking@cusu.cam.ac.uk,P,Cambridge,YES,27.09.16,John Emmanuel,,,,,,,,,,,,,,,,,,,
Hindu Cultural Society,CUHCS,hindu@cusu.cam.ac.uk,P,Cambridge,YES,27.09.16,John Emmanuel,,,,,,,,,,,,,,,,,,,
Hip Hop Collective,CUHHC,hiphopsoc@cusu.cam.ac.uk,P,Cambridge,YES,27.09.16,John Emmanuel,,,,,,,,,,,,,,,,,,,
Hispanic Society,CUHispSoc,hispanic@cusu.cam.ac.uk,P,Cambridge,YES,27.09.16,John Emmanuel,,,,,,,,,,,,,,,,,,,
Peer2Peer,P2P ,hmml4@cam.ac.uk,P,Cambridge,YES,27.09.16,John Emmanuel,,,,,,,,,,,,,,,,,,,
Atheist & Agnostic Society,CUAAS,hmmsoc-president@srcf.net,P,Cambridge,YES,27.09.16,John Emmanuel,,,,,,,,,,,,,,,,,,,
Biological Anthropology Students' Society,CUBASS,hominins@cusu.cam.ac.uk,P,Cambridge,YES,27.09.16,John Emmanuel,,,,,,,,,,,,,,,,,,,
Hong Kong and China Affairs Society,CUHKCAS,hongkongchina@cusu.cam.ac.uk,P,Cambridge,YES,27.09.16,John Emmanuel,,,,,,,,,,,,,,,,,,,
Horological Society,CUHoS,horolosoc@cusu.cam.ac.uk,P,Cambridge,YES,27.09.16,John Emmanuel,,,,,,,,,,,,,,,,,,,
The Humanitarian Centre,,humanitariancentre@cusu.cam.ac.uk,P,Cambridge,YES,27.09.16,John Emmanuel,,,,,,,,,,,,,,,,,,,
Hungarian Society,CUHS,hunsoc@cusu.cam.ac.uk,P,Cambridge,YES,27.09.16,John Emmanuel,,,,,,,,,,,,,,,,,,,
Hypnosis Society,,hypnosoc@cusu.cam.ac.uk,P,Cambridge,YES,27.09.16,John Emmanuel,,,,,,,,,,,,,,,,,,,
Imponderabilia Student Anthropology Journal,,imponderabilia@cusu.cam.ac.uk,P,Cambridge,YES,27.09.16,John Emmanuel,,,,,,,,,,,,,,,,,,,
Cambridge Impronauts,,improvisedcomedy@cusu.cam.ac.uk,P,Cambridge,YES,27.09.16,John Emmanuel,,,,,,,,,,,,,,,,,,,
India Society,CUIS,india@cusu.cam.ac.uk,P,Cambridge,YES,27.09.16,John Emmanuel,,,,,,,,,,,,,,,,,,,
Cambridge Development Initiative,CDI,info@cambridgedevelopment.org,P,Cambridge,YES,27.09.16,John Emmanuel,,,,,,,,,,,,,,,,,,,
Cambridge Conservation Volunteers,CCV,info@ccv.org.uk,P,Cambridge,YES,27.09.16,John Emmanuel,,,,,,,,,,,,,,,,,,,
Department of Genetics,,info@gen.cam.ac.uk,P,Cambridge,YES,27.09.16,John Emmanuel,,,,,,,,,,,,,,,,,,,
CUSU International,ICUSU,international@cusu.cam.ac.uk,P,Cambridge,YES,27.09.16,John Emmanuel,,,,,,,,,,,,,,,,,,,
Cambridge International Studies Association,CISA,internationalstudies@cusu.cam.ac.uk,P,Cambridge,YES,27.09.16,John Emmanuel,,,,,,,,,,,,,,,,,,,
iPhone Society,CUiPS,iphonesoc@cusu.cam.ac.uk,P,Cambridge,YES,27.09.16,John Emmanuel,,,,,,,,,,,,,,,,,,,
Irish Dance society,CUIDS,irishdancesoc@cusu.cam.ac.uk,P,Cambridge,YES,27.09.16,John Emmanuel,,,,,,,,,,,,,,,,,,,
Israel Society,,israel@cusu.cam.ac.uk,P,Cambridge,YES,27.09.16,John Emmanuel,,,,,,,,,,,,,,,,,,,
Italian Society,CUITSOC,italian@cusu.cam.ac.uk,P,Cambridge,YES,27.09.16,John Emmanuel,,,,,,,,,,,,,,,,,,,
CU Travel Society,,itravelsoc@cusu.cam.ac.uk,P,Cambridge,YES,27.09.16,John Emmanuel,,,,,,,,,,,,,,,,,,,
Anglo Japanese Society,CUAJS,japanesecultural@cusu.cam.ac.uk,P,Cambridge,YES,27.09.16,John Emmanuel,,,,,,,,,,,,,,,,,,,
Jazz Orchestra,CUJO,jazz@cusu.cam.ac.uk,P,Cambridge,YES,27.09.16,John Emmanuel,,,,,,,,,,,,,,,,,,,
Caledonian Society,CalSoc,jbj23@cam.ac.uk,P,Cambridge,YES,27.09.16,John Emmanuel,,,,,,,,,,,,,,,,,,,
Role-Playing Society,CURS,jh958@cam.ac.uk,P,Cambridge,YES,27.09.16,John Emmanuel,,,,,,,,,,,,,,,,,,,
St John's College Humanities Society,SJCHS,joh-hum-soc@lists.cam.ac.uk,P,Cambridge,YES,27.09.16,John Emmanuel,,,,,,,,,,,,,,,,,,,
St. John's College Medical Society,JohnsMedSoc,joh.medsoc@gmail.com,P,Cambridge,YES,27.09.16,John Emmanuel,,,,,,,,,,,,,,,,,,,
Jugglers' Association,CUJA,juggling@cusu.cam.ac.uk,P,Cambridge,YES,27.09.16,John Emmanuel,,,,,,,,,,,,,,,,,,,
Karate Club,CUKC,karate@cusu.cam.ac.uk,P,Cambridge,YES,27.09.16,John Emmanuel,,,,,,,,,,,,,,,,,,,
Soka Philosphy Society,CUSOKA,kazuko.organ@tiscali.co.uk,P,Cambridge,YES,27.09.16,John Emmanuel,,,,,,,,,,,,,,,,,,,
Kendo Society,,kendo@cusu.cam.ac.uk,P,Cambridge,YES,27.09.16,John Emmanuel,,,,,,,,,,,,,,,,,,,
King's Politics Society,KPS,kingspolitics@cusu.cam.ac.uk,P,Cambridge,YES,27.09.16,John Emmanuel,,,,,,,,,,,,,,,,,,,
Korfball Club,,korfball@cusu.cam.ac.uk,P,Cambridge,YES,27.09.16,John Emmanuel,,,,,,,,,,,,,,,,,,,
Kosher Wine & Whisky Society,,kosherwine@cusu.cam.ac.uk,P,Cambridge,YES,27.09.16,John Emmanuel,,,,,,,,,,,,,,,,,,,
Krishna Consciousness Society,CUKCS,krishna@cusu.cam.ac.uk,P,Cambridge,YES,27.09.16,John Emmanuel,,,,,,,,,,,,,,,,,,,
The Lady Margaret Society,,ladymargaretsociety@gmail.com,P,Cambridge,YES,27.09.16,John Emmanuel,,,,,,,,,,,,,,,,,,,
Cambridge LARP Society,CLS,larp-exec@srcf.net,P,Cambridge,YES,27.09.16,John Emmanuel,,,,,,,,,,,,,,,,,,,
Latvian Association,CULA,latvianassoc@cusu.cam.ac.uk,P,Cambridge,YES,27.09.16,John Emmanuel,,,,,,,,,,,,,,,,,,,
Leadership in Engineering Society,CULES,leadinginengineering@cusu.cam.ac.uk,P,Cambridge,YES,27.09.16,John Emmanuel,,,,,,,,,,,,,,,,,,,
CUSU LGBT+,,lgbt@cusu.cam.ac.uk,P,Cambridge,YES,27.09.16,John Emmanuel,,,,,,,,,,,,,,,,,,,
Light Entertainment Society,CULES,lightentertainment@cusu.cam.ac.uk,P,Cambridge,YES,27.09.16,John Emmanuel,,,,,,,,,,,,,,,,,,,
Lion Dance Troupe,CULDT,liondance@cusu.cam.ac.uk,P,Cambridge,YES,27.09.16,John Emmanuel,,,,,,,,,,,,,,,,,,,
Lithuanian Society,CULS,lithuaniansoc@cusu.cam.ac.uk,P,Cambridge,YES,27.09.16,John Emmanuel,,,,,,,,,,,,,,,,,,,
Lady Margaret Boat Club,LMBC,lmbc@cusu.cam.ac.uk,P,Cambridge,YES,27.09.16,John Emmanuel,,,,,,,,,,,,,,,,,,,
International Logistics Society,CUILS,logisoc@cusu.cam.ac.uk,P,Cambridge,YES,27.09.16,John Emmanuel,,,,,,,,,,,,,,,,,,,
Magdalene Music Society,MMS,magdmusicsoc@cusu.cam.ac.uk,P,Cambridge,YES,27.09.16,John Emmanuel,,,,,,,,,,,,,,,,,,,
Magic Society,MagdRag,magic@cusu.cam.ac.uk,P,Cambridge,YES,27.09.16,John Emmanuel,,,,,,,,,,,,,,,,,,,
St Margaret's Society of Queens,MagSoc,magsoc@cusu.cam.ac.uk,P,Cambridge,YES,27.09.16,John Emmanuel,,,,,,,,,,,,,,,,,,,
Kettle's Yard House & Gallery,,mail@kettlesyard.cam.ac.uk,P,Cambridge,YES,27.09.16,John Emmanuel,,,,,,,,,,,,,,,,,,,
Makespace Student Society,MakerSoc,makersoc@cusu.cam.ac.uk,P,Cambridge,YES,27.09.16,John Emmanuel,,,,,,,,,,,,,,,,,,,
Malaysia Society,CUMaS,malaysian@cusu.cam.ac.uk,P,Cambridge,YES,27.09.16,John Emmanuel,,,,,,,,,,,,,,,,,,,
Marlowe Dramatic Society,,marlowe@cusu.cam.ac.uk,P,Cambridge,YES,27.09.16,John Emmanuel,,,,,,,,,,,,,,,,,,,
Marxist Discussion Group,MDG,marxdisgroup@cusu.cam.ac.uk,P,Cambridge,YES,27.09.16,John Emmanuel,,,,,,,,,,,,,,,,,,,
Massage Society,MassageSoc,massage@cusu.cam.ac.uk,P,Cambridge,YES,27.09.16,John Emmanuel,,,,,,,,,,,,,,,,,,,
Matured Students Society,,maturedstudents@cusu.cam.ac.uk,P,Cambridge,YES,27.09.16,John Emmanuel,,,,,,,,,,,,,,,,,,,
The Mays,,mays@varsity.co.uk,P,Cambridge,YES,27.09.16,John Emmanuel,,,,,,,,,,,,,,,,,,,
Medical Humanities Society,CUMHS,medhumsoc@cusu.cam.ac.uk,P,Cambridge,YES,27.09.16,John Emmanuel,,,,,,,,,,,,,,,,,,,
Medsin,,medsin@cusu.cam.ac.uk,P,Cambridge,YES,27.09.16,John Emmanuel,,,,,,,,,,,,,,,,,,,
University of Cambridge Philharmonic Orchestra,UCPO,membership@ucpo.org.uk,P,Cambridge,YES,27.09.16,John Emmanuel,,,,,,,,,,,,,,,,,,,
Cricket Club,CUCC,menscricket@cusu.cam.ac.uk,P,Cambridge,YES,27.09.16,John Emmanuel,,,,,,,,,,,,,,,,,,,
Ice Hockey Club,CUIHC,mensicehockey@cusu.cam.ac.uk,P,Cambridge,YES,27.09.16,John Emmanuel,,,,,,,,,,,,,,,,,,,
CUSU Mental Health,,mentalhealth@cusu.cam.ac.uk,P,Cambridge,YES,27.09.16,John Emmanuel,,,,,,,,,,,,,,,,,,,
Cambridge Mental Wealth,,mentalwealth@cusu.cam.ac.uk,P,Cambridge,YES,27.09.16,John Emmanuel,,,,,,,,,,,,,,,,,,,
Methodist Society,MethSoc,methodist@cusu.cam.ac.uk,P,Cambridge,YES,27.09.16,John Emmanuel,,,,,,,,,,,,,,,,,,,
Mexican Society,CUMexSoc,mexican@cusu.cam.ac.uk,P,Cambridge,YES,27.09.16,John Emmanuel,,,,,,,,,,,,,,,,,,,
Lacrosse Club,CUMLC,mixedlacrosse@cusu.cam.ac.uk,P,Cambridge,YES,27.09.16,John Emmanuel,,,,,,,,,,,,,,,,,,,
Gog Magog Molly,,molly@cusu.cam.ac.uk,P,Cambridge,YES,27.09.16,John Emmanuel,,,,,,,,,,,,,,,,,,,
Morris,,morris@cusu.cam.ac.uk,P,Cambridge,YES,27.09.16,John Emmanuel,,,,,,,,,,,,,,,,,,,
Moving Mountains,MoMAC,movingmountains@cusu.cam.ac.uk,P,Cambridge,YES,27.09.16,John Emmanuel,,,,,,,,,,,,,,,,,,,
The Cambridge Muse Society,,muse@cusu.cam.ac.uk,P,Cambridge,YES,27.09.16,John Emmanuel,,,,,,,,,,,,,,,,,,,
Musical Society,CUMS,musicalsociety@cusu.cam.ac.uk,P,Cambridge,YES,27.09.16,John Emmanuel,,,,,,,,,,,,,,,,,,,
Network for African Development,NafAD,nafad@cusu.cam.ac.uk,P,Cambridge,YES,27.09.16,John Emmanuel,,,,,,,,,,,,,,,,,,,
National Trust Society,NTS,nationaltrustsoc@cusu.cam.ac.uk,P,Cambridge,YES,27.09.16,John Emmanuel,,,,,,,,,,,,,,,,,,,
Nature Society,NatureSoc,naturesoc@cusu.cam.ac.uk,P,Cambridge,YES,27.09.16,John Emmanuel,,,,,,,,,,,,,,,,,,,
Nigeria Society,CUNS,nigeria@cusu.cam.ac.uk,P,Cambridge,YES,27.09.16,John Emmanuel,,,,,,,,,,,,,,,,,,,
Ninjutsu Society,CUBS,ninja@cusu.cam.ac.uk,P,Cambridge,YES,27.09.16,John Emmanuel,,,,,,,,,,,,,,,,,,,
Northern Ireland Society,CUNIS,nisoc@cusu.cam.ac.uk,P,Cambridge,YES,27.09.16,John Emmanuel,,,,,,,,,,,,,,,,,,,
Notes,Notespub,notesfcu@cusu.cam.ac.uk,P,Cambridge,YES,27.09.16,John Emmanuel,,,,,,,,,,,,,,,,,,,
NO2ID,,notoid@cusu.cam.ac.uk,P,Cambridge,YES,27.09.16,John Emmanuel,,,,,,,,,,,,,,,,,,,
Oxbridge China Association,OBC-CAM,obc@cusu.cam.ac.uk,P,Cambridge,YES,27.09.16,John Emmanuel,,,,,,,,,,,,,,,,,,,
Organ Donation,CUOD,organdonation@cusu.cam.ac.uk,P,Cambridge,YES,27.09.16,John Emmanuel,,,,,,,,,,,,,,,,,,,
Orthodox Society,OrthSoc,orthsoc@cusu.cam.ac.uk,P,Cambridge,YES,27.09.16,John Emmanuel,,,,,,,,,,,,,,,,,,,
Ospreys,,ospreys@cusu.cam.ac.uk,P,Cambridge,YES,27.09.16,John Emmanuel,,,,,,,,,,,,,,,,,,,
Cambridge Music Education Outreach,CaMEO,outreach@mus.cam.ac.uk,P,Cambridge,YES,27.09.16,John Emmanuel,,,,,,,,,,,,,,,,,,,
Education Activist Network,EAN,owen.j.holland@gmail.com,P,Cambridge,YES,27.09.16,John Emmanuel,,,,,,,,,,,,,,,,,,,
Oxjam Cambridge Takeover Music Festival,,oxjam.cambridge2011@gmail.com,P,Cambridge,YES,27.09.16,John Emmanuel,,,,,,,,,,,,,,,,,,,
Pakistan Society,PakSoc,pakistan@cusu.cam.ac.uk,P,Cambridge,YES,27.09.16,John Emmanuel,,,,,,,,,,,,,,,,,,,
Cambridge University Palestine Society,,palestine@cusu.cam.ac.uk,P,Cambridge,YES,27.09.16,John Emmanuel,,,,,,,,,,,,,,,,,,,
Pembroke College Music society,PCMS,pembrokemusic@cusu.cam.ac.uk,P,Cambridge,YES,27.09.16,John Emmanuel,,,,,,,,,,,,,,,,,,,
Pembroke Players,,pembrokeplayers@cusu.cam.ac.uk,P,Cambridge,YES,27.09.16,John Emmanuel,,,,,,,,,,,,,,,,,,,
The Pembroke College Winnie-The-Pooh Society,PoohSoc,pembrokepooh@cusu.cam.ac.uk,P,Cambridge,YES,27.09.16,John Emmanuel,,,,,,,,,,,,,,,,,,,
Modern Pentathlon Club,CUMPC,pentathlon@cusu.cam.ac.uk,P,Cambridge,YES,27.09.16,John Emmanuel,,,,,,,,,,,,,,,,,,,
Persian Society,CUPS,persian@cusu.cam.ac.uk,P,Cambridge,YES,27.09.16,John Emmanuel,,,,,,,,,,,,,,,,,,,
Peterhouse Music Society & Chapel Choir,PCC,pet-organscholars@lists.cam.ac.uk,P,Cambridge,YES,27.09.16,John Emmanuel,,,,,,,,,,,,,,,,,,,
Peterhouse Politics Society,PPS,peterhousepolitics@cusu.cam.ac.uk,P,Cambridge,YES,27.09.16,John Emmanuel,,,,,,,,,,,,,,,,,,,
Peter Pedals,,peterpedals2013@hotmail.com,P,Cambridge,YES,27.09.16,John Emmanuel,,,,,,,,,,,,,,,,,,,
Women's Football,,philippa_hardman@yahoo.com,P,Cambridge,YES,27.09.16,John Emmanuel,,,,,,,,,,,,,,,,,,,
Photographic Society,PhoCUS,phocus@cusu.cam.ac.uk,P,Cambridge,YES,27.09.16,John Emmanuel,,,,,,,,,,,,,,,,,,,
Physics Society,CUPS,physics@cusu.cam.ac.uk,P,Cambridge,YES,27.09.16,John Emmanuel,,,,,,,,,,,,,,,,,,,
Poker Society,CUPokS,poker@cusu.cam.ac.uk,P,Cambridge,YES,27.09.16,John Emmanuel,,,,,,,,,,,,,,,,,,,
Polygeia,,polygeia@cusu.cam.ac.uk,P,Cambridge,YES,27.09.16,John Emmanuel,,,,,,,,,,,,,,,,,,,
Modern Languages Society,Polyglossia,polyglossia@googlemail.com,P,Cambridge,YES,27.09.16,John Emmanuel,,,,,,,,,,,,,,,,,,,
Portuguese Speakers' Society,CUPortSS,portuguese@cusu.cam.ac.uk,P,Cambridge,YES,27.09.16,John Emmanuel,,,,,,,,,,,,,,,,,,,
Cambridge Graduate Orchestra,,president@cambridgegraduateorchestra.com,P,Cambridge,YES,27.09.16,John Emmanuel,,,,,,,,,,,,,,,,,,,
CUSU Democracy & Development Team,,president@cusu.cam.ac.uk,P,Cambridge,YES,27.09.16,John Emmanuel,,,,,,,,,,,,,,,,,,,
Marshall Society,The Economics Society,president@marshallsociety.com,P,Cambridge,YES,27.09.16,John Emmanuel,,,,,,,,,,,,,,,,,,,
Cambridge Guild,,president@thecambridgeguild.com,P,Cambridge,YES,27.09.16,John Emmanuel,,,,,,,,,,,,,,,,,,,
Varsity,VarSoc,president@varsity.co.uk,P,Cambridge,YES,27.09.16,John Emmanuel,,,,,,,,,,,,,,,,,,,
Primitive Living and Survival Society,,primitive@cusu.cam.ac.uk,P,Cambridge,YES,27.09.16,John Emmanuel,,,,,,,,,,,,,,,,,,,
Profiles in Converse,PIC,profilesinconversecam@gmail.com,P,Cambridge,YES,27.09.16,John Emmanuel,,,,,,,,,,,,,,,,,,,
Sakhya: Cambridge Friends of India,,projects.sakhya@gmail.com,P,Cambridge,YES,27.09.16,John Emmanuel,,,,,,,,,,,,,,,,,,,
Psychiatry Society,,psychsoc@cusu.cam.ac.uk,P,Cambridge,YES,27.09.16,John Emmanuel,,,,,,,,,,,,,,,,,,,
Psychology Society,PsychSoc,psychsociety@cusu.cam.ac.uk,P,Cambridge,YES,27.09.16,John Emmanuel,,,,,,,,,,,,,,,,,,,
Pescetarian & Vegetarian Society,PVS,pvs@cusu.cam.ac.uk,P,Cambridge,YES,27.09.16,John Emmanuel,,,,,,,,,,,,,,,,,,,
Queens' Art Seminar,QAS,qas@cusu.cam.ac.uk,P,Cambridge,YES,27.09.16,John Emmanuel,,,,,,,,,,,,,,,,,,,
Queens' Ents,QEnts,qents@cusu.cam.ac.uk,P,Cambridge,YES,27.09.16,John Emmanuel,,,,,,,,,,,,,,,,,,,
Queens' Craft and Knitting Society,QUACKS,quacks@cusu.cam.ac.uk,P,Cambridge,YES,27.09.16,John Emmanuel,,,,,,,,,,,,,,,,,,,
Queens' College Graduate Choir,,quen-mcr-choir@lists.cam.ac.uk,P,Cambridge,YES,27.09.16,John Emmanuel,,,,,,,,,,,,,,,,,,,
Queens' Universal Independent French Film Society,QUIFFS,quiffs@cusu.cam.ac.uk,P,Cambridge,YES,27.09.16,John Emmanuel,,,,,,,,,,,,,,,,,,,
Quiz Society,QuizSoc,quiz@cusu.cam.ac.uk,P,Cambridge,YES,27.09.16,John Emmanuel,,,,,,,,,,,,,,,,,,,
Railway Club,CURC,railway@cusu.cam.ac.uk,P,Cambridge,YES,27.09.16,John Emmanuel,,,,,,,,,,,,,,,,,,,
Raja Yoga Society,CURYS ,rajayogasoc@cusu.cam.ac.uk,P,Cambridge,YES,27.09.16,John Emmanuel,,,,,,,,,,,,,,,,,,,
Rambling Club,CURaC,rambling@cusu.cam.ac.uk,P,Cambridge,YES,27.09.16,John Emmanuel,,,,,,,,,,,,,,,,,,,
Robinson College Music Society,RCMS,rcms@cusu.cam.ac.uk,P,Cambridge,YES,27.09.16,John Emmanuel,,,,,,,,,,,,,,,,,,,
Real Ale Society,CURAS,realale@cusu.cam.ac.uk,P,Cambridge,YES,27.09.16,John Emmanuel,,,,,,,,,,,,,,,,,,,
Real Tennis Club,CURTC,realtennis@cusu.cam.ac.uk,P,Cambridge,YES,27.09.16,John Emmanuel,,,,,,,,,,,,,,,,,,,
Recorder Ensemble,CURE,recorders@cusu.cam.ac.uk,P,Cambridge,YES,27.09.16,John Emmanuel,,,,,,,,,,,,,,,,,,,
"Centre for Speech, Language and the Brain",CSLB,research@csl.psychol.cam.ac.uk,P,Cambridge,YES,27.09.16,John Emmanuel,,,,,,,,,,,,,,,,,,,
Cambridge Revelation Rock-Gospel Choir,Rev,revelation@cusu.cam.ac.uk,P,Cambridge,YES,27.09.16,John Emmanuel,,,,,,,,,,,,,,,,,,,
Revolver & Pistol Club,CURPC,revolver@cusu.cam.ac.uk,P,Cambridge,YES,27.09.16,John Emmanuel,,,,,,,,,,,,,,,,,,,
Cambridge Diving Development Centre,CDDC,richard@cambridgediving.org.uk,P,Cambridge,YES,27.09.16,John Emmanuel,,,,,,,,,,,,,,,,,,,
Riding Club,CURC,riding@cusu.cam.ac.uk,P,Cambridge,YES,27.09.16,John Emmanuel,,,,,,,,,,,,,,,,,,,
Cambridge Romanian Society,RUO,romanian@cusu.cam.ac.uk,P,Cambridge,YES,27.09.16,John Emmanuel,,,,,,,,,,,,,,,,,,,
The Round,English Country Dancing,round@cusu.cam.ac.uk,P,Cambridge,YES,27.09.16,John Emmanuel,,,,,,,,,,,,,,,,,,,
Cambridge Kenyan Orphan Project,KOP,rowan.desouza@gmail.com,P,Cambridge,YES,27.09.16,John Emmanuel,,,,,,,,,,,,,,,,,,,
Emmanuel College Choir,,rtl21@cam.ac.uk,P,Cambridge,YES,27.09.16,John Emmanuel,,,,,,,,,,,,,,,,,,,
Emmanuel Politics and Economics Society,,rtrn2@cam.ac.uk,P,Cambridge,YES,27.09.16,John Emmanuel,,,,,,,,,,,,,,,,,,,
Rugby Fives Club,CURFC,rugbyfives@cusu.cam.ac.uk,P,Cambridge,YES,27.09.16,John Emmanuel,,,,,,,,,,,,,,,,,,,
Russian Society,CURS,russian@cusu.cam.ac.uk,P,Cambridge,YES,27.09.16,John Emmanuel,,,,,,,,,,,,,,,,,,,
Russell Society,CURUSSOC,russoc@cusu.cam.ac.uk,P,Cambridge,YES,27.09.16,John Emmanuel,,,,,,,,,,,,,,,,,,,
Shareholder Activism Society,SAS,sas@cusu.cam.ac.uk,P,Cambridge,YES,27.09.16,John Emmanuel,,,,,,,,,,,,,,,,,,,
Scandinavian Society,ScanSoc,scansoc@cusu.cam.ac.uk,P,Cambridge,YES,27.09.16,John Emmanuel,,,,,,,,,,,,,,,,,,,
Selwyn College Music society,SCMS,scms@cusu.cam.ac.uk,P,Cambridge,YES,27.09.16,John Emmanuel,,,,,,,,,,,,,,,,,,,
Scottish Society,ScotSoc,scotsoc@cusu.cam.ac.uk,P,Cambridge,YES,27.09.16,John Emmanuel,,,,,,,,,,,,,,,,,,,
Scout & Guide Club,CUSAGC,scoutandguide@cusu.cam.ac.uk,P,Cambridge,YES,27.09.16,John Emmanuel,,,,,,,,,,,,,,,,,,,
Model United Nations Society,CUMUNS,secgencuimun@gmail.com,P,Cambridge,YES,27.09.16,John Emmanuel,,,,,,,,,,,,,,,,,,,
Isaac Newton University Lodge,INUL,Secretary@inul.org,P,Cambridge,YES,27.09.16,John Emmanuel,,,,,,,,,,,,,,,,,,,
Bujinkan Cambridge Dojo,,sendall.john@gmail.com,P,Cambridge,YES,27.09.16,John Emmanuel,,,,,,,,,,,,,,,,,,,
Interdisciplinary Sexological Society,CUISS,sexological@cusu.cam.ac.uk,P,Cambridge,YES,27.09.16,John Emmanuel,,,,,,,,,,,,,,,,,,,
Enactus Cambridge,SIFE,sife@cusu.cam.ac.uk,P,Cambridge,YES,27.09.16,John Emmanuel,,,,,,,,,,,,,,,,,,,
Sikh Society,CUSikhSoc,sikh@cusu.cam.ac.uk,P,Cambridge,YES,27.09.16,John Emmanuel,,,,,,,,,,,,,,,,,,,
The Fitz Sirens,,sirens@cusu.cam.ac.uk,P,Cambridge,YES,27.09.16,John Emmanuel,,,,,,,,,,,,,,,,,,,
Small Bore Club,CUSBC,smallbore@cusu.cam.ac.uk,P,Cambridge,YES,27.09.16,John Emmanuel,,,,,,,,,,,,,,,,,,,
The Cambridge China Union,,soc-ccu-info@lists.cam.ac.uk,P,Cambridge,YES,27.09.16,John Emmanuel,,,,,,,,,,,,,,,,,,,
CU Charles Darwin Society,,soc-cd@lists.cam.ac.uk,P,Cambridge,YES,27.09.16,John Emmanuel,,,,,,,,,,,,,,,,,,,
Cambridge University Chinese Debating Club,,soc-cucdc-member@lists.cam.ac.uk,P,Cambridge,YES,27.09.16,John Emmanuel,,,,,,,,,,,,,,,,,,,
Czech and Slovak Society,CUCSS,soc-cucss-committee@lists.cam.ac.uk,P,Cambridge,YES,27.09.16,John Emmanuel,,,,,,,,,,,,,,,,,,,
Cambridge University Digital Gaming Society,CUDGS,soc-cudgs-secretary@lists.cam.ac.uk,P,Cambridge,YES,27.09.16,John Emmanuel,,,,,,,,,,,,,,,,,,,
Fitz' Swing Band,CUFSB,soc-cufsb@lists.cam.ac.uk,P,Cambridge,YES,27.09.16,John Emmanuel,,,,,,,,,,,,,,,,,,,
Lifesaving Club,CULSC,soc-culsc-committee@lists.cam.ac.uk,P,Cambridge,YES,27.09.16,John Emmanuel,,,,,,,,,,,,,,,,,,,
Outreach Network,CUON,soc-cuon-contact@lists.cam.ac.uk,P,Cambridge,YES,27.09.16,John Emmanuel,,,,,,,,,,,,,,,,,,,
Science Fiction Society,CUSFS,soc-cusfs@lists.cam.ac.uk,P,Cambridge,YES,27.09.16,John Emmanuel,,,,,,,,,,,,,,,,,,,
The Emmy Noether Society,ENS,soc-ens-committee@lists.cam.ac.uk,P,Cambridge,YES,27.09.16,John Emmanuel,,,,,,,,,,,,,,,,,,,
Students' Pro Bono Society,CUSPBS,soc-probono-exec@lists.cam.ac.uk,P,Cambridge,YES,27.09.16,John Emmanuel,,,,,,,,,,,,,,,,,,,
Cambridge Taize Society,,soc-taize-request@lists.cam.ac.uk,P,Cambridge,YES,27.09.16,John Emmanuel,,,,,,,,,,,,,,,,,,,
Social Anthropology Society,CUSAS,socanthsoc@cusu.cam.ac.uk,P,Cambridge,YES,27.09.16,John Emmanuel,,,,,,,,,,,,,,,,,,,
Socialist Worker Student Society,CUSWSS,socialistworker@cusu.cam.ac.uk,P,Cambridge,YES,27.09.16,John Emmanuel,,,,,,,,,,,,,,,,,,,
Society of Traditional Chinese Medicine,CUSTCM,socoftcm@cusu.cam.ac.uk,P,Cambridge,YES,27.09.16,John Emmanuel,,,,,,,,,,,,,,,,,,,
Somali Society,CUSOMSOC,somalisoc@cusu.cam.ac.uk,P,Cambridge,YES,27.09.16,John Emmanuel,,,,,,,,,,,,,,,,,,,
South Asia Film Series,,southasiafilmclub@gmail.com,P,Cambridge,YES,27.09.16,John Emmanuel,,,,,,,,,,,,,,,,,,,
Pastafarian Sparrowism,PASPA,sparrowism@cusu.cam.ac.uk,P,Cambridge,YES,27.09.16,John Emmanuel,,,,,,,,,,,,,,,,,,,
St. Peter's Bach Consort,SPBC,spbconsort@cusu.cam.ac.uk,P,Cambridge,YES,27.09.16,John Emmanuel,,,,,,,,,,,,,,,,,,,
SPEAK Group,,speak@cusu.cam.ac.uk,P,Cambridge,YES,27.09.16,John Emmanuel,,,,,,,,,,,,,,,,,,,
Sports for Fun,CUSFF,sportsforfun@cusu.cam.ac.uk,P,Cambridge,YES,27.09.16,John Emmanuel,,,,,,,,,,,,,,,,,,,
Social & Political Sciences Society,CU-SPS-Soc,spssoc@cusu.cam.ac.uk,P,Cambridge,YES,27.09.16,John Emmanuel,,,,,,,,,,,,,,,,,,,
Sri Lanka Society,CUSLSOC,srilanka@cusu.cam.ac.uk,P,Cambridge,YES,27.09.16,John Emmanuel,,,,,,,,,,,,,,,,,,,
STIMULUS,STIMULUS,stimulus@hermes.cam.ac.uk,P,Cambridge,YES,27.09.16,John Emmanuel,,,,,,,,,,,,,,,,,,,
Cambridge Stop AIDS Society,,stopaids@cusu.cam.ac.uk,P,Cambridge,YES,27.09.16,John Emmanuel,,,,,,,,,,,,,,,,,,,
Strategic Analysis Group,CUSAG,strategicanalysis@cusu.cam.ac.uk,P,Cambridge,YES,27.09.16,John Emmanuel,,,,,,,,,,,,,,,,,,,
Streetbite,,streetbite@cusu.cam.ac.uk,P,Cambridge,YES,27.09.16,John Emmanuel,,,,,,,,,,,,,,,,,,,
Cambridge University Student Life Society,,studentlife@cusu.cam.ac.uk,P,Cambridge,YES,27.09.16,John Emmanuel,,,,,,,,,,,,,,,,,,,
Student Minds Cambridge,,studentmindscambridge@gmail.com,P,Cambridge,YES,27.09.16,John Emmanuel,,,,,,,,,,,,,,,,,,,
Cambridge Students for Life,CSFL,studentsforlife@cusu.cam.ac.uk,P,Cambridge,YES,27.09.16,John Emmanuel,,,,,,,,,,,,,,,,,,,
Cambridge Psychology Recruitment Group,,study@psychol.cam.ac.uk,P,Cambridge,YES,27.09.16,John Emmanuel,,,,,,,,,,,,,,,,,,,
Korean Society,CUKS,support@cuks.org.uk,P,Cambridge,YES,27.09.16,John Emmanuel,,,,,,,,,,,,,,,,,,,
Surfing Association,CUSA,surfing@cusu.cam.ac.uk,P,Cambridge,YES,27.09.16,John Emmanuel,,,,,,,,,,,,,,,,,,,
Surgical Society,CUSS,surgsoc@cusu.cam.ac.uk,P,Cambridge,YES,27.09.16,John Emmanuel,,,,,,,,,,,,,,,,,,,
Cambridge University Synthetic Biology Society,,synbiosoc@cusu.cam.ac.uk,P,Cambridge,YES,27.09.16,John Emmanuel,,,,,,,,,,,,,,,,,,,
Table Tennis Club,CUTTC,tabletennis@cusu.cam.ac.uk,P,Cambridge,YES,27.09.16,John Emmanuel,,,,,,,,,,,,,,,,,,,
Cambridge Taiwanese Society,CTS,taiwan@cusu.cam.ac.uk,P,Cambridge,YES,27.09.16,John Emmanuel,,,,,,,,,,,,,,,,,,,
Tajikistan Society,TajSoc,tajsoc@cusu.cam.ac.uk,P,Cambridge,YES,27.09.16,John Emmanuel,,,,,,,,,,,,,,,,,,,
Tamil Society,CUTSOC,tamilsoc@cusu.cam.ac.uk,P,Cambridge,YES,27.09.16,John Emmanuel,,,,,,,,,,,,,,,,,,,
TCS,,tcs@cusu.cam.ac.uk,P,Cambridge,YES,27.09.16,John Emmanuel,,,,,,,,,,,,,,,,,,,
Tea Society,TeaSoc,teasoc@cusu.cam.ac.uk,P,Cambridge,YES,27.09.16,John Emmanuel,,,,,,,,,,,,,,,,,,,
Televisual Arts Group,,televisualarts@cusu.cam.ac.uk,P,Cambridge,YES,27.09.16,John Emmanuel,,,,,,,,,,,,,,,,,,,
The Beard Society,,thebeardsociety@cusu.cam.ac.uk,P,Cambridge,YES,27.09.16,John Emmanuel,,,,,,,,,,,,,,,,,,,
Trinity Hall Medical & Veterinary Society,THMVS,thmvs@cusu.cam.ac.uk,P,Cambridge,YES,27.09.16,John Emmanuel,,,,,,,,,,,,,,,,,,,
Tiddlywinks Club,CUTwC,tiddlywinks@cusu.cam.ac.uk,P,Cambridge,YES,27.09.16,John Emmanuel,,,,,,,,,,,,,,,,,,,
Marathon Effort for Muscular Dystrophy,,tina.paciorek@gmail.com,P,Cambridge,YES,27.09.16,John Emmanuel,,,,,,,,,,,,,,,,,,,
Trinity Mathematical Society,TMS,tms@cusu.cam.ac.uk,P,Cambridge,YES,27.09.16,John Emmanuel,,,,,,,,,,,,,,,,,,,
Tolkien Socety,CTS,tolkien@cusu.cam.ac.uk,P,Cambridge,YES,27.09.16,John Emmanuel,,,,,,,,,,,,,,,,,,,
Trendflux Online Magazine Writer's Society,TrendSoc,trendfluxsoc@cusu.cam.ac.uk,P,Cambridge,YES,27.09.16,John Emmanuel,,,,,,,,,,,,,,,,,,,
Triathlon Club,CUTriC,triathlon@cusu.cam.ac.uk,P,Cambridge,YES,27.09.16,John Emmanuel,,,,,,,,,,,,,,,,,,,
Trinity College's LGBT+ Society 1TQ,,trinitylbgt@cusu.cam.ac.uk,P,Cambridge,YES,27.09.16,John Emmanuel,,,,,,,,,,,,,,,,,,,
Trinity College Medical Society,TrinityMedSoc,trinitymedsoc@hotmail.com,P,Cambridge,YES,27.09.16,John Emmanuel,,,,,,,,,,,,,,,,,,,
Trinity Politics Society,TPS,trinpolsoc@cusu.cam.ac.uk,P,Cambridge,YES,27.09.16,John Emmanuel,,,,,,,,,,,,,,,,,,,
Trinity College Science Society,TCSS,trinscisoc@cusu.cam.ac.uk,P,Cambridge,YES,27.09.16,John Emmanuel,,,,,,,,,,,,,,,,,,,
Trinity Singers,,trinsin@cusu.cam.ac.uk,P,Cambridge,YES,27.09.16,John Emmanuel,,,,,,,,,,,,,,,,,,,
The Triple Helix,TTH,tth@cusu.cam.ac.uk,P,Cambridge,YES,27.09.16,John Emmanuel,,,,,,,,,,,,,,,,,,,
Turkish Society,CUTS,turkish@cusu.cam.ac.uk,P,Cambridge,YES,27.09.16,John Emmanuel,,,,,,,,,,,,,,,,,,,
Ukrainian Society,CUUS,ukraine@cusu.cam.ac.uk,P,Cambridge,YES,27.09.16,John Emmanuel,,,,,,,,,,,,,,,,,,,
Ultimate Club,CUUC,ultimate-president@srcf.ucam.org,P,Cambridge,YES,27.09.16,John Emmanuel,,,,,,,,,,,,,,,,,,,
Cambridge Union Society,CUS,unionsociety@cusu.cam.ac.uk,P,Cambridge,YES,27.09.16,John Emmanuel,,,,,,,,,,,,,,,,,,,
Unite Against Fascism,UAF,uniteagainstfascism@cusu.cam.ac.uk,P,Cambridge,YES,27.09.16,John Emmanuel,,,,,,,,,,,,,,,,,,,
Varsity Trip,VT,varsitytrip@cusu.cam.ac.uk,P,Cambridge,YES,27.09.16,John Emmanuel,,,,,,,,,,,,,,,,,,,
Vegan Society,VeganSoc ,vegansociety@cusu.cam.ac.uk,P,Cambridge,YES,27.09.16,John Emmanuel,,,,,,,,,,,,,,,,,,,
Veterinary Society,CUVS,vets@cusu.cam.ac.uk,P,Cambridge,YES,27.09.16,John Emmanuel,,,,,,,,,,,,,,,,,,,
The Vietnamese Society in Cambridge,VSC,vsc@cusu.cam.ac.uk,P,Cambridge,YES,27.09.16,John Emmanuel,,,,,,,,,,,,,,,,,,,
Wakeboard Club,CUWC,wakeboardsoc@cusu.cam.ac.uk,P,Cambridge,YES,27.09.16,John Emmanuel,,,,,,,,,,,,,,,,,,,
Wolfson College Boat Club,WCBC,wcbc@cusu.cam.ac.uk,P,Cambridge,YES,27.09.16,John Emmanuel,,,,,,,,,,,,,,,,,,,
West Coast Swing Society,CUWCS,wcssoc@cusu.cam.ac.uk,P,Cambridge,YES,27.09.16,John Emmanuel,,,,,,,,,,,,,,,,,,,
Weevil Magazine,,weevil@cusu.cam.ac.uk,P,Cambridge,YES,27.09.16,John Emmanuel,,,,,,,,,,,,,,,,,,,
CUSU Welfare,,welfare@cusu.cam.ac.uk,P,Cambridge,YES,27.09.16,John Emmanuel,,,,,,,,,,,,,,,,,,,
Wikipedia Society,CUWPS,wikipedia@cusu.cam.ac.uk,P,Cambridge,YES,27.09.16,John Emmanuel,,,,,,,,,,,,,,,,,,,
Windsurfing Club,CUW,windsurfing@cusu.cam.ac.uk,P,Cambridge,YES,27.09.16,John Emmanuel,,,,,,,,,,,,,,,,,,,
Wine Society,CUWS,wine@cusu.cam.ac.uk,P,Cambridge,YES,27.09.16,John Emmanuel,,,,,,,,,,,,,,,,,,,
Wolfson Latin Nights Society,WLNS,wlns@cusu.cam.ac.uk,P,Cambridge,YES,27.09.16,John Emmanuel,,,,,,,,,,,,,,,,,,,
Wolfson Howler,,wolfsonhowler@cusu.cam.ac.uk,P,Cambridge,YES,27.09.16,John Emmanuel,,,,,,,,,,,,,,,,,,,
CUSU Women's Campaign,,womens@cusu.cam.ac.uk,P,Cambridge,YES,27.09.16,John Emmanuel,,,,,,,,,,,,,,,,,,,
Women's Basketball Club,CUWBbC,womensbasketball@cusu.cam.ac.uk,P,Cambridge,YES,27.09.16,John Emmanuel,,,,,,,,,,,,,,,,,,,
Society for World Music,,worldmusic@cusu.cam.ac.uk,P,Cambridge,YES,27.09.16,John Emmanuel,,,,,,,,,,,,,,,,,,,
Cambridge University Whisky Society,CUSWM,sn465@cam.ac.uk,P,Cambridge,YES,27.09.16,John Emmanuel,,,,,,,,,,,,,,,,,,,
Association of British and Chinese University Students,ABACUS,abacus@cusu.cam.ac.uk,U,CAMBRIDGE,YES,,,,,,,,,,,,,,,,,,,,,
Rock Society,RockSoc,committee@rocksoc.org.uk,U,CAMBRIDGE,YES,,,,,,,,,,,,,,,,,,,,,
European Society,CUEuS,cueus@yem.org.uk,U,CAMBRIDGE,YES,,,,,,,,,,,,,,,,,,,,,
STAR: Student Action for Refugees,,custar-committee@srcf.ucam.org,U,CAMBRIDGE,YES,,,,,,,,,,,,,,,,,,,,,
The Cambridge Globalist,,editorinchief@cambridgeglobalist.org,U,CAMBRIDGE,YES,,,,,,,,,,,,,,,,,,,,,
Homerton Amateur Theatrical Society,HATS,hats@cusu.cam.ac.uk,U,CAMBRIDGE,YES,,,,,,,,,,,,,,,,,,,,,
Cambridge Floorball Club,,info@cambridge-floorball.org.uk,U,CAMBRIDGE,YES,,,,,,,,,,,,,,,,,,,,,
Cambridge Carbon Footprint,CCF,info@cambridgecarbonfootprint.org,U,CAMBRIDGE,YES,,,,,,,,,,,,,,,,,,,,,
Cambridge Dancers' Club,CDC,info@cambridgedancers.org,U,CAMBRIDGE,YES,,,,,,,,,,,,,,,,,,,,,
Ski & Snowboard Club,CUSSC,info@cussc.co.uk,U,CAMBRIDGE,YES,,,,,,,,,,,,,,,,,,,,,
Labour Club,CULC,labour@cusu.cam.ac.uk,U,CAMBRIDGE,YES,,,,,,,,,,,,,,,,,,,,,
Cambridge Lindy Hoppers,CLH,lindyhopper@cusu.cam.ac.uk,U,CAMBRIDGE,YES,,,,,,,,,,,,,,,,,,,,,
Amateur Dramatic Club,CUADC,president@cuadc.org,U,CAMBRIDGE,YES,,,,,,,,,,,,,,,,,,,,,
Rock 'n' Roll,CURnR,rnr@cambridgedancers.org,U,CAMBRIDGE,YES,,,,,,,,,,,,,,,,,,,,,
Cambridge City Amnesty International,,secretary@amnestycambridge.org.uk,U,CAMBRIDGE,YES,,,,,,,,,,,,,,,,,,,,,
Trinity College Music Society,TCMS,secretary@committee.tcms.org.uk,U,CAMBRIDGE,YES,,,,,,,,,,,,,,,,,,,,,
Cambridge Skeptics In The Pub,SITP,andy@cambridgeskeptics.org.uk,U,CAMBRIDGE,YES,,,,,,,,,,,,,,,,,,,,,
Bright Club,,andy@thinkoutreach.org,U,CAMBRIDGE,YES,,,,,,,,,,,,,,,,,,,,,
Wireless Society,CUWS,chairman@g6uw.org,U,CAMBRIDGE,YES,,,,,,,,,,,,,,,,,,,,,
The Wilberforce Society,TWS,chairman@wilberforcesociety.co.uk,U,CAMBRIDGE,YES,,,,,,,,,,,,,,,,,,,,,
Cam FM,,committee@camfm.co.uk,U,CAMBRIDGE,YES,,,,,,,,,,,,,,,,,,,,,
Cambridge Hands-On Science,CHaOS,contact@chaosscience.org.uk,U,CAMBRIDGE,YES,,,,,,,,,,,,,,,,,,,,,
American Football Society,CUAFS,cuafs@pythons.org.uk,U,CAMBRIDGE,YES,,,,,,,,,,,,,,,,,,,,,
Cambridge Rebetiko Sessions,,ed.emery@thefreeuniversity.net,U,CAMBRIDGE,YES,,,,,,,,,,,,,,,,,,,,,
Ceilidh Sessions,,ed.emery@thefreeuniversity.net,U,CAMBRIDGE,YES,,,,,,,,,,,,,,,,,,,,,
Conference Cambridge,,enquiries@conferencecambridge.com,U,CAMBRIDGE,YES,,,,,,,,,,,,,,,,,,,,,
Cambridge University Boat Club,,execsec@cubc.org.uk,U,CAMBRIDGE,YES,,,,,,,,,,,,,,,,,,,,,
Cambridge International Development Conference,,idc@cambridgehub.org,U,CAMBRIDGE,YES,,,,,,,,,,,,,,,,,,,,,
ADC Theatre,,info@adctheatre.com,U,CAMBRIDGE,YES,,,,,,,,,,,,,,,,,,,,,
Christ's College Music Society,CCMS,info@christsmusic.org.uk,U,CAMBRIDGE,YES,,,,,,,,,,,,,,,,,,,,,
C.U. Yacht Club,CUYC,info@cuyc.org.uk,U,CAMBRIDGE,YES,,,,,,,,,,,,,,,,,,,,,
The King's Bunker,KGB,info@kingsbunker.com,U,CAMBRIDGE,YES,,,,,,,,,,,,,,,,,,,,,
Pythons American Football Club,CUPAFC,info@pythons.org.uk,U,CAMBRIDGE,YES,,,,,,,,,,,,,,,,,,,,,
Cambridge Rollerbillies,,info@rollerbillies.com,U,CAMBRIDGE,YES,,,,,,,,,,,,,,,,,,,,,
RSPCA Cambridge and District Branch,RSPCA,info@rspca-cambridge.org.uk,U,CAMBRIDGE,YES,,,,,,,,,,,,,,,,,,,,,
King's College King's Mountaineering & Kayaking Association,KMKA,kmka@kcsu.org.uk,U,CAMBRIDGE,YES,,,,,,,,,,,,,,,,,,,,,
Cambridge Student Community Action,SCA,mail@cambridgesca.org.uk,U,CAMBRIDGE,YES,,,,,,,,,,,,,,,,,,,,,
American Stage Tour,,manager@castcambridge.com,U,CAMBRIDGE,YES,,,,,,,,,,,,,,,,,,,,,
Law Society,CULS,president@camlawsoc.com,U,CAMBRIDGE,YES,,,,,,,,,,,,,,,,,,,,,
Musical Theatre Society,CUMTS,president@cumts.co.uk,U,CAMBRIDGE,YES,,,,,,,,,,,,,,,,,,,,,
Science & Policy Exchange,CUSPE,president@cuspe.org,U,CAMBRIDGE,YES,,,,,,,,,,,,,,,,,,,,,
Selwyn College Snowball Committee,SSC,president@selwynsnowball.co.uk,U,CAMBRIDGE,YES,,,,,,,,,,,,,,,,,,,,,
Newnham College Marketing Society,,soc.marketing@newn.cam.ac.uk,U,CAMBRIDGE,YES,,,,,,,,,,,,,,,,,,,,,
Cambridge Salsa Team,CST,tam@teamsalsa.co.uk,U,CAMBRIDGE,YES,,,,,,,,,,,,,,,,,,,,,
Cambridge University Officers' Training Corps,CUOTC,UOTCCambridge-RHQ-Society@mod.uk,U,CAMBRIDGE,YES,,,,,,,,,,,,,,,,,,,,,
XS Latin Cambridge Formation Teams,XSLatin,contact@xslatin.org,U,CAMBRIDGE,YES,,,,,,,,,,,,,,,,,,,,,
The Cambridge LCD Hitch,,hitch@lcd.org.uk,U,CAMBRIDGE,YES,,,,,,,,,,,,,,,,,,,,,
Scientific Society,CUSS-SciSoc,president@scisoc.com,U,CAMBRIDGE,YES,,,,,,,,,,,,,,,,,,,,,
Adala UK Cambridge,,adalauk@cusu.cam.ac.uk,F,,,,,,,,,,,,,,,,,,,,,,,
Aegis Students Society,,aegissoc@cusu.cam.ac.uk,F,,,,,,,,,,,,,,,,,,,,,,,
African Prisons Project,,africanprisons@cusu.cam.ac.uk,F,,,,,,,,,,,,,,,,,,,,,,,
Ki-Aikido Society,CUKAS,aikido@cusu.cam.ac.uk,F,,,,,,,,,,,,,,,,,,,,,,,
Barnardo's Society,,barnardos@cusu.cam.ac.uk,F,,,,,,,,,,,,,,,,,,,,,,,
Bulgarian Society,CUBG,bulgarian@cusu.cam.ac.uk,F,,,,,,,,,,,,,,,,,,,,,,,
Sexpression UK: Cambridge Branch,,cambridge@sexpression.org.uk,F,,,,,,,,,,,,,,,,,,,,,,,
Cambridge autonomous Underwater Vehicle,CAUV,cambridgeauv@cusu.cam.ac.uk,F,,,,,,,,,,,,,,,,,,,,,,,
Cambridge Gaza Solidarity,CGS,cambridgeoccupation@live.com,F,,,,,,,,,,,,,,,,,,,,,,,
Cambridge Hands Off Venezuela campaign,CHOV,cambridgevenezuela@cusu.cam.ac.uk,F,,,,,,,,,,,,,,,,,,,,,,,
Campus Children's Holidays,CAMPUS,campus@cusu.cam.ac.uk,F,,,,,,,,,,,,,,,,,,,,,,,
UAEM Cambridge,,camuaem@cusu.cam.ac.uk,F,,,,,,,,,,,,,,,,,,,,,,,
Cambridge Zero-Carbon Society,ZeroCarbon,camzest@cusu.cam.ac.uk,F,,,,,,,,,,,,,,,,,,,,,,,
Cambridge Eastern Education and Development Society,CEEDS,ceeds@cusu.cam.ac.uk,F,,,,,,,,,,,,,,,,,,,,,,,
Churchill GODS,,churchillgods@cusu.cam.ac.uk,F,,,,,,,,,,,,,,,,,,,,,,,
Clay Pigeon Shooting Club,CUCPSC,clayshooting@cusu.cam.ac.uk,F,,,,,,,,,,,,,,,,,,,,,,,
Birding Society,CUBS,cubirds@cusu.cam.ac.uk,F,,,,,,,,,,,,,,,,,,,,,,,
Chamber Orchestra,CUCO,cuco@cusu.cam.ac.uk,F,,,,,,,,,,,,,,,,,,,,,,,
Rifle association,CURA,cura@cusu.cam.ac.uk,F,,,,,,,,,,,,,,,,,,,,,,,
Social Anthropology Film Society,,cusafs@cusu.cam.ac.uk,F,,,,,,,,,,,,,,,,,,,,,,,
Student Advocates International,SAI,cusai@cusu.cam.ac.uk,F,,,,,,,,,,,,,,,,,,,,,,,
Steelpan Society,CUSPS,cusps@cusu.cam.ac.uk,F,,,,,,,,,,,,,,,,,,,,,,,
Women in Leadership,CUWL,cuwl@cusu.cam.ac.uk,F,,,,,,,,,,,,,,,,,,,,,,,
Drag Hounds,CUDH,draghounds@cusu.cam.ac.uk,F,,,,,,,,,,,,,,,,,,,,,,,
Defend the Right to Protest,CUDTRTP,dtrtp@cusu.cam.ac.uk,F,,,,,,,,,,,,,,,,,,,,,,,
Engineering World Health,EWH,engworldhealth@cusu.cam.ac.uk,F,,,,,,,,,,,,,,,,,,,,,,,
Engineers Without Borders,EWB-Cambridge,CUAPP,F,,,,,,,,,,,,,,,,,,,,,,,
The Choir of St John's College,,f.williams@joh.cam.ac.uk,F,,,,,,,,,,,,,,,,,,,,,,,
Friends of the British Overseas territories,FOTBOT,fotbot@cusu.cam.ac.uk,F,,,,,,,,,,,,,,,,,,,,,,,
Free Tibet Society,,freetibet@cusu.cam.ac.uk,F,,,,,,,,,,,,,,,,,,,,,,,
The Gender & Feminism Society,GenFemSoc,genfemsoc@cusu.cam.ac.uk,F,,,,,,,,,,,,,,,,,,,,,,,
Gilbert & Sullivan Society,CUG&S,gilbertandsullivan@cusu.cam.ac.uk,F,,,,,,,,,,,,,,,,,,,,,,,
Girton College Law Society,GCLS,girtonlawsoc@cusu.cam.ac.uk,F,,,,,,,,,,,,,,,,,,,,,,,
Giving What We Can: Cambridge,GWWCCam,givingwhatwecan@cusu.cam.ac.uk,F,,,,,,,,,,,,,,,,,,,,,,,
Hellenic Society,CUHS,hellenic@cusu.cam.ac.uk,F,,,,,,,,,,,,,,,,,,,,,,,
Autonomous Flight,CUAF,hello@cuaf.co.uk,F,,,,,,,,,,,,,,,,,,,,,,,
Homerton College Boat Club,HCBC,homertonbcsoc@cusu.cam.ac.uk,F,,,,,,,,,,,,,,,,,,,,,,,
Harry Potter Society,CUHPS,hpsoc@cusu.cam.ac.uk,F,,,,,,,,,,,,,,,,,,,,,,,
Impact Investing Society,CUIIS,impactinvestingsoc@cusu.cam.ac.uk,F,,,,,,,,,,,,,,,,,,,,,,,
Italian Dining Society,CUIDS,italiandiningsoc@cusu.cam.ac.uk,F,,,,,,,,,,,,,,,,,,,,,,,
Jain Cultural Society,CUJCS,jainsoc@cusu.cam.ac.uk,F,,,,,,,,,,,,,,,,,,,,,,,
Jewish Society,CUJS,jewish@cusu.cam.ac.uk,F,,,,,,,,,,,,,,,,,,,,,,,
Kickboxing Society,CUKBS,kickboxing@cusu.cam.ac.uk,F,,,,,,,,,,,,,,,,,,,,,,,
St John's College Larmor Society,,larmor@cusu.cam.ac.uk,F,,,,,,,,,,,,,,,,,,,,,,,
Latin American Society,CULS,latinamericansoc@cusu.cam.ac.uk,F,,,,,,,,,,,,,,,,,,,,,,,
Left Tea Party,LTP,lefttea@cusu.cam.ac.uk,F,,,,,,,,,,,,,,,,,,,,,,,
Litre of Light [LoL],,litreoflight@cusu.cam.ac.uk,F,,,,,,,,,,,,,,,,,,,,,,,
League of Legends Society,CULOLS,lolsoc@cusu.cam.ac.uk,F,,,,,,,,,,,,,,,,,,,,,,,
Cambridge MedSoc,,medical@cusu.cam.ac.uk,F,,,,,,,,,,,,,,,,,,,,,,,
Association Football Club,CUAFC,mensfootball@cusu.cam.ac.uk,F,,,,,,,,,,,,,,,,,,,,,,,
Modern Buddhism Society,,modernbuddhism@cusu.cam.ac.uk,F,,,,,,,,,,,,,,,,,,,,,,,
Cambridge Volunteers in Nepal,CVN,nepal@cusu.cam.ac.uk,F,,,,,,,,,,,,,,,,,,,,,,,
Orienteering Club,CUOC,orienteering@cusu.cam.ac.uk,F,,,,,,,,,,,,,,,,,,,,,,,
One World Week Society,OWW,oww@cusu.cam.ac.uk,F,,,,,,,,,,,,,,,,,,,,,,,
Oxbridge Biotech Roundtable,OBR,oxbridgebiotech@cusu.cam.ac.uk,F,,,,,,,,,,,,,,,,,,,,,,,
The Oxbridge Dash,,oxbridgedash@cusu.cam.ac.uk,F,,,,,,,,,,,,,,,,,,,,,,,
Homerton College Absolute Pandemonium Steel Pan Band,,pandemonium@cusu.cam.ac.uk,F,,,,,,,,,,,,,,,,,,,,,,,
Peterhouse Law Society,,peterhouselawsoc@cusu.cam.ac.uk,F,,,,,,,,,,,,,,,,,,,,,,,
Philanthropic Society,CUPS,philansoc@cusu.cam.ac.uk,F,,,,,,,,,,,,,,,,,,,,,,,
Planting Promise,,plantingpromise@cusu.cam.ac.uk,F,,,,,,,,,,,,,,,,,,,,,,,
Polo Club,CUPC,polo@cusu.cam.ac.uk,F,,,,,,,,,,,,,,,,,,,,,,,
Finance & Investment Society,CUFIS,president@cufis.co.uk,F,,,,,,,,,,,,,,,,,,,,,,,
The Cambridge Student Psychology Journal,CSPJ,psychjourn@cusu.cam.ac.uk,F,,,,,,,,,,,,,,,,,,,,,,,
Robinson College Chapel Choir,,robinsonchoir@cusu.cam.ac.uk,F,,,,,,,,,,,,,,,,,,,,,,,
Slovenian Society,CUSiS,slovenian@cusu.cam.ac.uk,F,,,,,,,,,,,,,,,,,,,,,,,
Southeast Asian Forum,CUSEAF,southeastasiaforum@cusu.cam.ac.uk,F,,,,,,,,,,,,,,,,,,,,,,,
Student Parent Society,CUSPS,studentparents@cusu.cam.ac.uk,F,,,,,,,,,,,,,,,,,,,,,,,
Tai Chi Chuan Society,CUTCCS,taichi@cusu.cam.ac.uk,F,,,,,,,,,,,,,,,,,,,,,,,
Ukulele Orchestra,,ukuleleorch@cusu.cam.ac.uk,F,,,,,,,,,,,,,,,,,,,,,,,
Lacrosse Club: Women's,CUWLC,womenslacrosse@cusu.cam.ac.uk,F,,,,,,,,,,,,,,,,,,,,,,,
Investment Banking Society,CUIBS,admin@cuibs.org,F,,,,,,,,,,,,,,,,,,,,,,,
Eurasia Society,CUEurasiaSoc,contact@cueurasiasociety.org,F,,,,,,,,,,,,,,,,,,,,,,,
Clare Ents,,info@clare-ents.com,F,,,,,,,,,,,,,,,,,,,,,,,
King's Drama,,info@kingsdrama.co.uk,F,,,,,,,,,,,,,,,,,,,,,,,
Save the Children Society,CUSTC,savethechildren@cusu.ac.uk,F,,,,,,,,,,,,,,,,,,,,,,,
Oxbridge Cultural Exchange Project,OCEP,thomas.hayward@ocep.org.uk,F,,,,,,,,,,,,,,,,,,,,,,,
Cambridge University Astronomical Society,CUAS,"ads79@cam.ac.uk, astronomical@cusu.cam.ac.uk",F,,,,,,,,,,,,,,,,,,,,,,,
Bangla Society,BanglaSoc,"banglasoc@cusu.cam.ac.uk, cubanglasoc@gmail.com",F,,,,,,,,,,,,,,,,,,,,,,,
Planet,,"cambridgeplanet@gmail.com, planet@cusu.cam.ac.uk",F,,,,,,,,,,,,,,,,,,,,,,,
Underwater Exploration Group: Scuba Divers,CUUEG,"chairman@cuueg.org.uk, membership@cuueg.org.uk",F,,,,,,,,,,,,,,,,,,,,,,,
Eco Racing,CUER,"cuecoracing@cusu.cam.ac.uk, PR@cuer.co.uk",F,,,,,,,,,,,,,,,,,,,,,,,
Ladies' Netball Club,CULNC,"culnc@cusu.cam.ac.uk, captain@culnc.org",F,,,,,,,,,,,,,,,,,,,,,,,
Spaceflight,CUSF,"cuspaceflight@cusu.cam.ac.uk, contact@cusf.co.uk",F,,,,,,,,,,,,,,,,,,,,,,,
Taekwondo Club,CUTKD,"cutkd-committee@srcf.ucam.org, taekwondo@cusu.cam.ac.uk",F,,,,,,,,,,,,,,,,,,,,,,,
Women's Boat Club,CUWBC,"cuwbc@cusu.cam.ac.uk, president@cuwbc.org",F,,,,,,,,,,,,,,,,,,,,,,,
French Society,CUFS,"french@cusu.cam.ac.uk, president@frenchsoc.fr, vice-president@frenchsoc.fr, secretary@frenchsoc.fr",F,,,,,,,,,,,,,,,,,,,,,,,
Gonville Hall Debating Society,GHDS,"gonvilledebate@cusu.cam.ac.uk, jom24@cam.ac.uk, emc72@cam.ac.uk",F,,,,,,,,,,,,,,,,,,,,,,,
Women in Banking & Finance Society,CUWIBF,"info.wibf@gmail.com, info@cambridgewibf.com, wibf@cusu.cam.ac.uk",F,,,,,,,,,,,,,,,,,,,,,,,
British Science Association ,CBSA,info@britishscienceassociation-cambridgeshire.org.u,F,,,,,,,,,,,,,,,,,,,,,,,
Innovation Forum,CUIF,"innovfor@cusu.cam.ac.uk, info@inno-forum.org",F,,,,,,,,,,,,,,,,,,,,,,,
Islamic Society,CUISoc,"islamic@cusu.cam.ac.uk, information@isoc.co.uk",F,,,,,,,,,,,,,,,,,,,,,,,
JUNK - Cambridge Drumming Band,,"jmc218@cam.ac.uk, junksoc@cusu.cam.ac.uk",F,,,,,,,,,,,,,,,,,,,,,,,
Fujian White Crane Kung Fu & Tai Chi,FWC,"karim@fwcinstructors.com, fwckungfu@cusu.cam.ac.uk",F,,,,,,,,,,,,,,,,,,,,,,,
Mixed Martial Arts,CUMMA,"mma@cusu.cam.ac.uk, daf41@cam.ac.uk",F,,,,,,,,,,,,,,,,,,,,,,,
Opera Society,CUOS,"opera@cusu.cam.ac.uk, hd317@cam.ac.uk",F,,,,,,,,,,,,,,,,,,,,,,,
International Development,CUiD,"president@cuid.org, cuid@cusu.cam.ac.uk",F,,,,,,,,,,,,,,,,,,,,,,,
CUTAZZ Dance Society,,"president@cutazz.com, tapandjazz@cusu.cam.ac.uk, secretary@cutazz.com",F,,,,,,,,,,,,,,,,,,,,,,,
Cambridge RAG,Cambridge Students' RAG Appeal,"rag@cusu.cam.ac.uk, president@cambridgerag.org.uk",F,,,,,,,,,,,,,,,,,,,,,,,
Russian Literature Society,CURLS,"ruslit@cusu.cam.ac.uk, info@russianliterature.co.uk",F,,,,,,,,,,,,,,,,,,,,,,,
All Year Icebreakers: Cambridge Safer Spaces Waterfighting & Sheila and Her Dog Chainwriting,,"sheila@srcf.ucam.org, cssw@srcf.ucam.org",F,,,,,,,,,,,,,,,,,,,,,,,
Spectre: A Space for Radical and Critical Comment,,"spectremagazine@cusu.cam.ac.uk, spectre.cambridge@yahoo.co.uk",F,,,,,,,,,,,,,,,,,,,,,,,
Stop The War Coalition,,"stopthewar@cusu.cam.ac.uk, cambridge@stopwar.org.uk",F,,,,,,,,,,,,,,,,,,,,,,,
The Cambridge Nutter Comedy Magazine,TCN,"thenutter@outlook.com, thenutter@cusu.cam.ac.uk",F,,,,,,,,,,,,,,,,,,,,,,,
Australian & New Zealand Society,CUANZ,anz@cusu.cam.ac.uk,F,,,,,,,,,,,,,,,,,,,,,,,
Cadenza,,cadenza@cusu.cam.ac.uk,F,,,,,,,,,,,,,,,,,,,,,,,
Chinese Calligraphy Society,,callisoc@cusu.cam.ac.uk,F,,,,,,,,,,,,,,,,,,,,,,,
Cambridge University Hockey Club,CUHC,ceb200@cam.ac.uk,F,,,,,,,,,,,,,,,,,,,,,,,
Christian Aid Society,,christianaidsociety@cusu.cam.ac.uk,F,,,,,,,,,,,,,,,,,,,,,,,
Clare Politics,,clarepolitics@cusu.cam.ac.uk,F,,,,,,,,,,,,,,,,,,,,,,,
The Cambridge University Society for Women Lawyers,,cw561@cam.ac.uk,F,,,,,,,,,,,,,,,,,,,,,,,
CUSU Ethical Affairs,,green@cusu.cam.ac.uk,F,,,,,,,,,,,,,,,,,,,,,,,
CUSU Higher Education Funding Campaign,,he-funding@cusu.cam.ac.uk,F,,,,,,,,,,,,,,,,,,,,,,,
Cambridge Libertarians,CamLib,info@cambridgelibertarians.org.uk,F,,,,,,,,,,,,,,,,,,,,,,,
Ivory Tower Society,ITS,ivorytower@cusu.cam.ac.uk,F,,,,,,,,,,,,,,,,,,,,,,,
Exploring Latin America Society,LatinCultura,latincultura@cusu.cam.ac.uk,F,,,,,,,,,,,,,,,,,,,,,,,
Cambridge Student Liberal Democrats,CSLD,libdems@cusu.cam.ac.uk,F,,,,,,,,,,,,,,,,,,,,,,,
Guild of Change Ringers,CUGCR,master@cugcr.org.uk,F,,,,,,,,,,,,,,,,,,,,,,,
Oxbridge Summer Camps Abroad,OSCA,osca@cusu.cam.ac.uk,F,,,,,,,,,,,,,,,,,,,,,,,
Pembroke Poetry Society,,pemsoc@cusu.cam.ac.uk,F,,,,,,,,,,,,,,,,,,,,,,,
Cambridge Society for Economics Pluralism,,president@cambridgepluralism.org,F,,,,,,,,,,,,,,,,,,,,,,,
Queens and Clare Overseas Education Fund,QCOEF,qcoef@cusu.cam.ac.uk,F,,,,,,,,,,,,,,,,,,,,,,,
Real Estate Finance & Investment Society,CUREFIS,secretary@curefis.com,F,,,,,,,,,,,,,,,,,,,,,,,
Sign Language Society,CUSLS,signsoc@cusu.cam.ac.uk,F,,,,,,,,,,,,,,,,,,,,,,,
Community Affairs,,sophie.smith@admin.cam.ac.uk,F,,,,,,,,,,,,,,,,,,,,,,,
Students Supporting Street Kids,SSSKcam,streetkids@cusu.cam.ac.uk,F,,,,,,,,,,,,,,,,,,,,,,,
TEDx Society,,tedxcamuni@cusu.cam.ac.uk,F,,,,,,,,,,,,,,,,,,,,,,,
Yugosphere Society,CUYUS,yugosoc@cusu.cam.ac.uk,F,,,,,,,,,,,,,,,,,,,,,,,
