Name,Acronym,Email,Bounce Check,University,RAG,First Email,From,Reply,,,,,,,,,,,,,,,,,,
Association of British and Chinese University Students,ABACUS,abacus@cusu.cam.ac.uk,unknown (inconclusive),CAMBRIDGE,YES,,,,,,,,,,,,,,,,,,,,,
Rock Society,RockSoc,committee@rocksoc.org.uk,unknown (inconclusive),CAMBRIDGE,YES,,,,,,,,,,,,,,,,,,,,,
European Society,CUEuS,cueus@yem.org.uk,unknown (inconclusive),CAMBRIDGE,YES,,,,,,,,,,,,,,,,,,,,,
STAR: Student Action for Refugees,,custar-committee@srcf.ucam.org,unknown (inconclusive),CAMBRIDGE,YES,,,,,,,,,,,,,,,,,,,,,
The Cambridge Globalist,,editorinchief@cambridgeglobalist.org,unknown (inconclusive),CAMBRIDGE,YES,,,,,,,,,,,,,,,,,,,,,
Homerton Amateur Theatrical Society,HATS,hats@cusu.cam.ac.uk,unknown (inconclusive),CAMBRIDGE,YES,,,,,,,,,,,,,,,,,,,,,
Cambridge Floorball Club,,info@cambridge-floorball.org.uk,unknown (inconclusive),CAMBRIDGE,YES,,,,,,,,,,,,,,,,,,,,,
Cambridge Carbon Footprint,CCF,info@cambridgecarbonfootprint.org,unknown (inconclusive),CAMBRIDGE,YES,,,,,,,,,,,,,,,,,,,,,
Cambridge Dancers' Club,CDC,info@cambridgedancers.org,unknown (inconclusive),CAMBRIDGE,YES,,,,,,,,,,,,,,,,,,,,,
Ski & Snowboard Club,CUSSC,info@cussc.co.uk,unknown (inconclusive),CAMBRIDGE,YES,,,,,,,,,,,,,,,,,,,,,
Labour Club,CULC,labour@cusu.cam.ac.uk,unknown (inconclusive),CAMBRIDGE,YES,,,,,,,,,,,,,,,,,,,,,
Cambridge Lindy Hoppers,CLH,lindyhopper@cusu.cam.ac.uk,unknown (inconclusive),CAMBRIDGE,YES,,,,,,,,,,,,,,,,,,,,,
Amateur Dramatic Club,CUADC,president@cuadc.org,unknown (inconclusive),CAMBRIDGE,YES,,,,,,,,,,,,,,,,,,,,,
Rock 'n' Roll,CURnR,rnr@cambridgedancers.org,unknown (inconclusive),CAMBRIDGE,YES,,,,,,,,,,,,,,,,,,,,,
Cambridge City Amnesty International,,secretary@amnestycambridge.org.uk,unknown (inconclusive),CAMBRIDGE,YES,,,,,,,,,,,,,,,,,,,,,
Trinity College Music Society,TCMS,secretary@committee.tcms.org.uk,unknown (inconclusive),CAMBRIDGE,YES,,,,,,,,,,,,,,,,,,,,,
Cambridge Skeptics In The Pub,SITP,andy@cambridgeskeptics.org.uk,unknown (is_catchall),CAMBRIDGE,YES,,,,,,,,,,,,,,,,,,,,,
Bright Club,,andy@thinkoutreach.org,unknown (is_catchall),CAMBRIDGE,YES,,,,,,,,,,,,,,,,,,,,,
Wireless Society,CUWS,chairman@g6uw.org,unknown (is_catchall),CAMBRIDGE,YES,,,,,,,,,,,,,,,,,,,,,
The Wilberforce Society,TWS,chairman@wilberforcesociety.co.uk,unknown (is_catchall),CAMBRIDGE,YES,,,,,,,,,,,,,,,,,,,,,
Cam FM,,committee@camfm.co.uk,unknown (is_catchall),CAMBRIDGE,YES,,,,,,,,,,,,,,,,,,,,,
Cambridge Hands-On Science,CHaOS,contact@chaosscience.org.uk,unknown (is_catchall),CAMBRIDGE,YES,,,,,,,,,,,,,,,,,,,,,
American Football Society,CUAFS,cuafs@pythons.org.uk,unknown (is_catchall),CAMBRIDGE,YES,,,,,,,,,,,,,,,,,,,,,
Cambridge Rebetiko Sessions,,ed.emery@thefreeuniversity.net,unknown (is_catchall),CAMBRIDGE,YES,,,,,,,,,,,,,,,,,,,,,
Ceilidh Sessions,,ed.emery@thefreeuniversity.net,unknown (is_catchall),CAMBRIDGE,YES,,,,,,,,,,,,,,,,,,,,,
Conference Cambridge,,enquiries@conferencecambridge.com,unknown (is_catchall),CAMBRIDGE,YES,,,,,,,,,,,,,,,,,,,,,
Cambridge University Boat Club,,execsec@cubc.org.uk,unknown (is_catchall),CAMBRIDGE,YES,,,,,,,,,,,,,,,,,,,,,
Cambridge International Development Conference,,idc@cambridgehub.org,unknown (is_catchall),CAMBRIDGE,YES,,,,,,,,,,,,,,,,,,,,,
ADC Theatre,,info@adctheatre.com,unknown (is_catchall),CAMBRIDGE,YES,,,,,,,,,,,,,,,,,,,,,
Christ's College Music Society,CCMS,info@christsmusic.org.uk,unknown (is_catchall),CAMBRIDGE,YES,,,,,,,,,,,,,,,,,,,,,
C.U. Yacht Club,CUYC,info@cuyc.org.uk,unknown (is_catchall),CAMBRIDGE,YES,,,,,,,,,,,,,,,,,,,,,
The King's Bunker,KGB,info@kingsbunker.com,unknown (is_catchall),CAMBRIDGE,YES,,,,,,,,,,,,,,,,,,,,,
Pythons American Football Club,CUPAFC,info@pythons.org.uk,unknown (is_catchall),CAMBRIDGE,YES,,,,,,,,,,,,,,,,,,,,,
Cambridge Rollerbillies,,info@rollerbillies.com,unknown (is_catchall),CAMBRIDGE,YES,,,,,,,,,,,,,,,,,,,,,
RSPCA Cambridge and District Branch,RSPCA,info@rspca-cambridge.org.uk,unknown (is_catchall),CAMBRIDGE,YES,,,,,,,,,,,,,,,,,,,,,
King's College King's Mountaineering & Kayaking Association,KMKA,kmka@kcsu.org.uk,unknown (is_catchall),CAMBRIDGE,YES,,,,,,,,,,,,,,,,,,,,,
Cambridge Student Community Action,SCA,mail@cambridgesca.org.uk,unknown (is_catchall),CAMBRIDGE,YES,,,,,,,,,,,,,,,,,,,,,
American Stage Tour,,manager@castcambridge.com,unknown (is_catchall),CAMBRIDGE,YES,,,,,,,,,,,,,,,,,,,,,
Law Society,CULS,president@camlawsoc.com,unknown (is_catchall),CAMBRIDGE,YES,,,,,,,,,,,,,,,,,,,,,
Musical Theatre Society,CUMTS,president@cumts.co.uk,unknown (is_catchall),CAMBRIDGE,YES,,,,,,,,,,,,,,,,,,,,,
Science & Policy Exchange,CUSPE,president@cuspe.org,unknown (is_catchall),CAMBRIDGE,YES,,,,,,,,,,,,,,,,,,,,,
Selwyn College Snowball Committee,SSC,president@selwynsnowball.co.uk,unknown (is_catchall),CAMBRIDGE,YES,,,,,,,,,,,,,,,,,,,,,
Newnham College Marketing Society,,soc.marketing@newn.cam.ac.uk,unknown (is_catchall),CAMBRIDGE,YES,,,,,,,,,,,,,,,,,,,,,
Cambridge Salsa Team,CST,tam@teamsalsa.co.uk,unknown (is_catchall),CAMBRIDGE,YES,,,,,,,,,,,,,,,,,,,,,
Cambridge University Officers' Training Corps,CUOTC,UOTCCambridge-RHQ-Society@mod.uk,unknown (is_catchall),CAMBRIDGE,YES,,,,,,,,,,,,,,,,,,,,,
XS Latin Cambridge Formation Teams,XSLatin,contact@xslatin.org,unknown (is_greylisting),CAMBRIDGE,YES,,,,,,,,,,,,,,,,,,,,,
The Cambridge LCD Hitch,,hitch@lcd.org.uk,unknown (is_greylisting),CAMBRIDGE,YES,,,,,,,,,,,,,,,,,,,,,
Scientific Society,CUSS-SciSoc,president@scisoc.com,unknown (is_greylisting),CAMBRIDGE,YES,,,,,,,,,,,,,,,,,,,,,
