Name,Acronym,Email,Bounce Check,Site,RAG,First Email,From,Reply,Interested,,,,,,,,,,,,,,,,,,
"80,000 Hours",,80koxford@gmail.com,P,Oxford,Yes,27.09.16,Rebecca,,,,,,,,,,,,,,,,,,,,
AIESEC Oxford,,oxford@aiesec.co.uk,P,Oxford,Yes,27.09.16,Rebecca,,,,,,,,,,,,,,,,,,,,
Arcanian Singers,,arcadiansingersoxford@gmail.com,P,Oxford,Yes,27.09.16,Rebecca,,,,,,,,,,,,,,,,,,,,
Attaining the Peak,,admin@oxfordatp.org,P,Oxford,Yes,27.09.16,Rebecca,,,,,,,,,,,,,,,,,,,,
Balliol Choir,,balliolchoir@gmail.com,P,Oxford,Yes,27.09.16,Rebecca,,,,,,,,,,,,,,,,,,,,
Bang! Science Magazine,,chairman@ospl.org,P,Oxford,Yes,27.09.16,Rebecca,,,,,,,,,,,,,,,,,,,,
Board Games Society,,ouboardgames@gmail.com,P,Oxford,Yes,27.09.16,Rebecca,,,,,,,,,,,,,,,,,,,,
C.S. Lewis Society,,cslewis.society@studentclubs.ox.ac.uk,P,Oxford,Yes,27.09.16,Rebecca,,,,,,,,,,,,,,,,,,,,
CapitOx,,admin@capitox.co.uk,P,Oxford,Yes,27.09.16,Rebecca,,,,,,,,,,,,,,,,,,,,
Chabad,,info@oxfordchabad.org,P,Oxford,Yes,27.09.16,Rebecca,,,,,,,,,,,,,,,,,,,,
Cherwell,,chairman@ospl.org,P,Oxford,Yes,27.09.16,Rebecca,,,,,,,,,,,,,,,,,,,,
China Britain Arts Association,,bella.oxon@gmail.com,P,Oxford,Yes,27.09.16,Rebecca,,,,,,,,,,,,,,,,,,,,
Classic & Historic Racing Car Club,,chrcc@hotmail.com,P,Oxford,Yes,27.09.16,Rebecca,,,,,,,,,,,,,,,,,,,,
Codelaborate,,hello@codelaborate.org,P,Oxford,Yes,27.09.16,Rebecca,,,,,,,,,,,,,,,,,,,,
Companions of the Order of Malta,,blessed.gerard.opn@gmail.com,P,Oxford,Yes,27.09.16,Rebecca,,,,,,,,,,,,,,,,,,,,
Cortex Club,,Kim.korrell@dpag.ox.ac.uk,P,Oxford,Yes,27.09.16,Rebecca,,,,,,,,,,,,,,,,,,,,
Crown Christian Student Society,,betweenacuppa@yahoo.com,P,Oxford,Yes,27.09.16,Rebecca,,,,,,,,,,,,,,,,,,,,
Curious Grin Productions,,curiousgrinproductions@gmail.com,P,Oxford,Yes,27.09.16,Rebecca,,,,,,,,,,,,,,,,,,,,
Cymdeithas Dafydd ap Gwilym,,cymdeithasydafydd@outlook.com,P,Oxford,Yes,27.09.16,Rebecca,,,,,,,,,,,,,,,,,,,,
Dot's Funk Odyssey,,info@dotsfunkodyssey.com,P,Oxford,Yes,27.09.16,Rebecca,,,,,,,,,,,,,,,,,,,,
Edgar Wind Society,,wind.society@gmail.com,P,Oxford,Yes,27.09.16,Rebecca,Yes,Yes,,,,,,,,,,,,,,,,,,
Eglesfield Music Society,,seweryn.gasiorek-shergold@queens.ox.ac.uk,P,Oxford,Yes,27.09.16,Rebecca,,,,,,,,,,,,,,,,,,,,
Enactus Oxford,,enactusoxford@gmail.com,P,Oxford,Yes,27.09.16,Rebecca,Yes,No,,,,,,,,,,,,,,,,,,
Energy Institute Oxford,,jonathan.ward@some.ox.ac.uk,P,Oxford,Yes,27.09.16,Rebecca,,,,,,,,,,,,,,,,,,,,
Engineers Without Borders Oxford,,kalyan.dutia@exeter.ox.ac.uk,P,Oxford,Yes,27.09.16,Rebecca,,,,,,,,,,,,,,,,,,,,
Exeter College Chapel Choir,,timothy.muggeridge@exeter.ox.ac.uk,P,Oxford,Yes,27.09.16,Rebecca,,,,,,,,,,,,,,,,,,,,
Faded Ink Productions,,fadedinkproductions@gmail.com,P,Oxford,Yes,27.09.16,Rebecca,,,,,,,,,,,,,,,,,,,,
FELLOW,,fellowvolunteers@gmail.com,P,Oxford,Yes,27.09.16,Rebecca,,,,,,,,,,,,,,,,,,,,
From the Horse's Mouth,,fromthehorsesmouth.oxford@gmail.com,P,Oxford,Yes,27.09.16,Rebecca,,,,,,,,,,,,,,,,,,,,
Giving What We Can: Oxford,,benjamin.henshall@wadh.ox.ac.uk,P,Oxford,Yes,27.09.16,Rebecca,,,,,,,,,,,,,,,,,,,,
Global Brigades Oxford,,globalbrigadesoxford@gmail.com,P,Oxford,Yes,27.09.16,Rebecca,,,,,,,,,,,,,,,,,,,,
Good Lad Initiative,,goodladworkshop@gmail.com,P,Oxford,Yes,27.09.16,Rebecca,,,,,,,,,,,,,,,,,,,,
Graduate Christian Union,,oxfordgcu.twitter@gmail.com,P,Oxford,Yes,27.09.16,Rebecca,,,,,,,,,,,,,,,,,,,,
Hertford Business and Economics Society,,olivia.shillabeer@hertford.ox.ac.uk,P,Oxford,Yes,27.09.16,Rebecca,,,,,,,,,,,,,,,,,,,,
Hertford College Music Society,,hertfordmusic@gmail.com,P,Oxford,Yes,27.09.16,Rebecca,,,,,,,,,,,,,,,,,,,,
In The Pink,,itp@hotmail.co.uk,P,Oxford,Yes,27.09.16,Rebecca,Yes,Yes,,,,,,,,,,,,,,,,,,
Industry Magazine,,chairman@ospl.org,P,Oxford,Yes,27.09.16,Rebecca,,,,,,,,,,,,,,,,,,,,
Introduction to International Development Conference,,coordinators@oxfid.org,P,Oxford,Yes,27.09.16,Rebecca,,,,,,,,,,,,,,,,,,,,
Irish Dancing Society,,oxfordirishdancesoc@gmail.com,P,Oxford,Yes,27.09.16,Rebecca,,,,,,,,,,,,,,,,,,,,
Islamic Banking and Finance Society,,oxfordibfs@gmail.com,P,Oxford,Yes,27.09.16,Rebecca,,,,,,,,,,,,,,,,,,,,
Just Love Oxford,,alexander.rattee@some.ox.ac.uk,P,Oxford,Yes,27.09.16,Rebecca,,,,,,,,,,,,,,,,,,,,
K.O. Krav,,oukokrav@gmail.com,P,Oxford,Yes,27.09.16,Rebecca,,,,,,,,,,,,,,,,,,,,
Keble College Chapel Choir,,jacob.ewens@keble.ox.ac.uk,P,Oxford,Yes,27.09.16,Rebecca,,,,,,,,,,,,,,,,,,,,
KEEN Oxford,,keen@keenoxford.org,P,Oxford,Yes,27.09.16,Rebecca,,,,,,,,,,,,,,,,,,,,
Kids Company,,kidsco.oxford@gmail.com,P,Oxford,Yes,27.09.16,Rebecca,,,,,,,,,,,,,,,,,,,,
Le Cercle Francais,,lecerclefrancaisoxford@gmail.com,P,Oxford,Yes,27.09.16,Rebecca,,,,,,,,,,,,,,,,,,,,
Lincoln College Chapel Choir,,joseph.mason@lincoln.ox.ac.uk,P,Oxford,Yes,27.09.16,Rebecca,,,,,,,,,,,,,,,,,,,,
Magdalen College Music Society,,emily.mitchell@magd.ox.ac.uk,P,Oxford,Yes,27.09.16,Rebecca,,,,,,,,,,,,,,,,,,,,
Magdalen Film Society,,magdalenfilmsociety@gmail.com,P,Oxford,Yes,27.09.16,Rebecca,,,,,,,,,,,,,,,,,,,,
Mirzakhani Society,,mirzakhanisociety@gmail.com,P,Oxford,Yes,27.09.16,Rebecca,,,,,,,,,,,,,,,,,,,,
No Means No Campaign,,nmncampaign@outlook.com,P,Oxford,Yes,27.09.16,Rebecca,,,,,,,,,,,,,,,,,,,,
Oriel College Chapel Choir,,emily.essex@oriel.ox.ac.uk,P,Oxford,Yes,27.09.16,Rebecca,,,,,,,,,,,,,,,,,,,,
Out of the Blue,,ootbbusiness@gmail.com,P,Oxford,Yes,27.09.16,Rebecca,,,,,,,,,,,,,,,,,,,,
Ox Co-op,,oxfordfoodcoop@gmail.com,P,Oxford,Yes,27.09.16,Rebecca,,,,,,,,,,,,,,,,,,,,
OXCAR,,oxcar.acapella@gmail.com,P,Oxford,Yes,27.09.16,Rebecca,,,,,,,,,,,,,,,,,,,,
OxFID,,coordinators@oxfid.org,P,Oxford,Yes,27.09.16,Rebecca,,,,,,,,,,,,,,,,,,,,
Oxford Aerial Dance Society,,Natalie@polecatsdance.co.uk,P,Oxford,Yes,27.09.16,Rebecca,,,,,,,,,,,,,,,,,,,,
Oxford Aid to the Balkans,,oxabinfo@gmail.com,P,Oxford,Yes,27.09.16,Rebecca,,,,,,,,,,,,,,,,,,,,
Oxford Alternatives Investment Management Society,,benjamin.lacaille@stb.ox.ac.uk,P,Oxford,Yes,27.09.16,Rebecca,,,,,,,,,,,,,,,,,,,,
Oxford Anime Vision,,oxanimevision@gmail.com,P,Oxford,Yes,27.09.16,Rebecca,,,,,,,,,,,,,,,,,,,,
Oxford Applied Neuroscience,,chung.looi@psy.ox.ac.uk,P,Oxford,Yes,27.09.16,Rebecca,,,,,,,,,,,,,,,,,,,,
Oxford Baha'i Society,,collis@tahzib.co.uk,P,Oxford,Yes,27.09.16,Rebecca,,,,,,,,,,,,,,,,,,,,
Oxford BJJ,,bjjoxford@gmail.com,P,Oxford,Yes,27.09.16,Rebecca,,,,,,,,,,,,,,,,,,,,
Oxford Broadcasting Association,,president@ouba.co.uk,P,Oxford,Yes,27.09.16,Rebecca,,,,,,,,,,,,,,,,,,,,
Oxford China Forum,,yuzhe.gong@jesus.ox.ac.uk,P,Oxford,Yes,27.09.16,Rebecca,,,,,,,,,,,,,,,,,,,,
Oxford Chinese Innovation Club,,fang.li@queens.ox.ac.uk,P,Oxford,Yes,27.09.16,Rebecca,,,,,,,,,,,,,,,,,,,,
Oxford Chinese International Awareness Society,,ox_gg@hotmail.co.uk,P,Oxford,Yes,27.09.16,Rebecca,,,,,,,,,,,,,,,,,,,,
Oxford Classics Society,,james.aung@worc.ox.ac.uk,P,Oxford,Yes,27.09.16,Rebecca,,,,,,,,,,,,,,,,,,,,
Oxford Climate Society,,oxfordclimatesociety@gmail.com,P,Oxford,Yes,27.09.16,Rebecca,,,,,,,,,,,,,,,,,,,,
Oxford Commas,,benjamin.christopher@spc.ox.ac.uk,P,Oxford,Yes,27.09.16,Rebecca,,,,,,,,,,,,,,,,,,,,
Oxford Communist Corresponding Society,,oxford@communistcorrespondingsociety.org,P,Oxford,Yes,27.09.16,Rebecca,,,,,,,,,,,,,,,,,,,,
Oxford Country Sports Society,,oxfordcountrysports@gmail.com,P,Oxford,Yes,27.09.16,Rebecca,,,,,,,,,,,,,,,,,,,,
Oxford Development Abroad,,oda-board@googlegroups.com,P,Oxford,Yes,27.09.16,Rebecca,,,,,,,,,,,,,,,,,,,,
Oxford Doctor Who Society,,whosoc_ctte@maillist.ox.ac.uk,P,Oxford,Yes,27.09.16,Rebecca,,,,,,,,,,,,,,,,,,,,
Oxford Donors,,yoni.stone@pmb.ox.ac.uk,P,Oxford,Yes,27.09.16,Rebecca,,,,,,,,,,,,,,,,,,,,
Oxford Economics Society,,president@oxfordeconsoc.com,P,Oxford,Yes,27.09.16,Rebecca,,,,,,,,,,,,,,,,,,,,
Oxford Education Partnerships Africa,,eleanor.moodey@new.ox.ac.uk,P,Oxford,Yes,27.09.16,Rebecca,,,,,,,,,,,,,,,,,,,,
Oxford Entrepreneurs,,alex.davies@oxfordentrepreneurs.co.uk,P,Oxford,Yes,27.09.16,Rebecca,,,,,,,,,,,,,,,,,,,,
Oxford Finance Society,,president@oxfordfinance.org,P,Oxford,Yes,27.09.16,Rebecca,,,,,,,,,,,,,,,,,,,,
Oxford Gamelan Society,,johnguypusey@hotmail.com,P,Oxford,Yes,27.09.16,Rebecca,,,,,,,,,,,,,,,,,,,,
Oxford German Network,,ogn@mod-langs.ox.ac.uk,P,Oxford,Yes,27.09.16,Rebecca,,,,,,,,,,,,,,,,,,,,
Oxford Global Health Group,,secretary@oxfordghg.co.uk,P,Oxford,Yes,27.09.16,Rebecca,,,,,,,,,,,,,,,,,,,,
Oxford Guild of Assassins,,umpire@oxfordassassinsguild.org.uk,P,Oxford,Yes,27.09.16,Rebecca,,,,,,,,,,,,,,,,,,,,
Oxford Hands On Science,,corinna.kulicke@seh.ox.ac.uk,P,Oxford,Yes,27.09.16,Rebecca,,,,,,,,,,,,,,,,,,,,
Oxford History Graduate Network,,admin@ohgn.org,P,Oxford,Yes,27.09.16,Rebecca,,,,,,,,,,,,,,,,,,,,
Oxford Hungarian Society,,mail@hungsoc.com,P,Oxford,Yes,27.09.16,Rebecca,,,,,,,,,,,,,,,,,,,,
Oxford India Society,,indian.society@studentclubs.ox.ac.uk,P,Oxford,Yes,27.09.16,Rebecca,,,,,,,,,,,,,,,,,,,,
Oxford Indian Classical Arts Society,,oxfordindianarts@gmail.com,P,Oxford,Yes,27.09.16,Rebecca,,,,,,,,,,,,,,,,,,,,
Oxford Inter-Collegiate Christian Union,,david.holt@seh.ox.ac.uk,P,Oxford,Yes,27.09.16,Rebecca,,,,,,,,,,,,,,,,,,,,
Oxford Islamic Society,,ouisoc.mail@gmail.com,P,Oxford,Yes,27.09.16,Rebecca,,,,,,,,,,,,,,,,,,,,
Oxford Lancers American Football Club,,george.fountain@oriel.ox.ac.uk,P,Oxford,Yes,27.09.16,Rebecca,,,,,,,,,,,,,,,,,,,,
Oxford Latin American Society,,president@oxford-las.org,P,Oxford,Yes,27.09.16,Rebecca,,,,,,,,,,,,,,,,,,,,
Oxford Lawyers Without Borders,,timothy.yap@bnc.ox.ac.uk,P,Oxford,Yes,27.09.16,Rebecca,,,,,,,,,,,,,,,,,,,,
Oxford Lindy Hoppers,,oxfordlindyhoppers@gmail.com,P,Oxford,Yes,27.09.16,Rebecca,,,,,,,,,,,,,,,,,,,,
Oxford Magic Society,,oxmagicsoc@gmail.com,P,Oxford,Yes,27.09.16,Rebecca,,,,,,,,,,,,,,,,,,,,
Oxford Marrow,,oxfordmarrow@gmail.com,P,Oxford,Yes,27.09.16,Rebecca,,,,,,,,,,,,,,,,,,,,
Oxford Marxists,,oxfordmarxists@gmail.com,P,Oxford,Yes,27.09.16,Rebecca,,,,,,,,,,,,,,,,,,,,
Oxford Media Society,,oxfordmediasoc@gmail.com,P,Oxford,Yes,27.09.16,Rebecca,,,,,,,,,,,,,,,,,,,,
Oxford Mexican Society,,oxford.mexsoc@gmail.com,P,Oxford,Yes,27.09.16,Rebecca,,,,,,,,,,,,,,,,,,,,
Oxford Microfinance Initiative,,contact@oxfordmicro.org,P,Oxford,Yes,27.09.16,Rebecca,,,,,,,,,,,,,,,,,,,,
Oxford Millenium Orchestra,,oxford.millennium.orchestra@gmail.com,P,Oxford,Yes,27.09.16,Rebecca,,,,,,,,,,,,,,,,,,,,
Oxford Muse Society,,oxford.muse.society@gmail.com,P,Oxford,Yes,27.09.16,Rebecca,,,,,,,,,,,,,,,,,,,,
Oxford Nightline,,coords@oxfordnightline.org,P,Oxford,Yes,27.09.16,Rebecca,,,,,,,,,,,,,,,,,,,,
Oxford Open Orchestra,,thomas.gammage@sjc.ox.ac.uk,P,Oxford,Yes,27.09.16,Rebecca,,,,,,,,,,,,,,,,,,,,
Oxford Orthodox Christian Student Society,,ouorthosoc@gmail.com,P,Oxford,Yes,27.09.16,Rebecca,,,,,,,,,,,,,,,,,,,,
Oxford Pink Week,,oxfordpinkweek@gmail.com,P,Oxford,Yes,27.09.16,Rebecca,,,,,,,,,,,,,,,,,,,,
Oxford Pokemon Society,,oupokes@gmail.com,P,Oxford,Yes,27.09.16,Rebecca,,,,,,,,,,,,,,,,,,,,
Oxford PPE Society,,president@ppesoc.org,P,Oxford,Yes,27.09.16,Rebecca,,,,,,,,,,,,,,,,,,,,
Oxford Quakers,,madeleine.ward@wolfson.ox.ac.uk,P,Oxford,Yes,27.09.16,Rebecca,,,,,,,,,,,,,,,,,,,,
Oxford Revue,,oxrevue@gmail.com,P,Oxford,Yes,27.09.16,Rebecca,,,,,,,,,,,,,,,,,,,,
Oxford Romance,,cupid@ruo3.org,P,Oxford,Yes,27.09.16,Rebecca,,,,,,,,,,,,,,,,,,,,
Oxford rs21,,rs21students.oxford@gmail.com,P,Oxford,Yes,27.09.16,Rebecca,,,,,,,,,,,,,,,,,,,,
Oxford Scandinavian Society,,oxfordscansoc@gmail.com,P,Oxford,Yes,27.09.16,Rebecca,,,,,,,,,,,,,,,,,,,,
Oxford Scottish Society,,rory.irwin@st-annes.ox.ac.uk,P,Oxford,Yes,27.09.16,Rebecca,,,,,,,,,,,,,,,,,,,,
Oxford Sikh Society,,oxford.sikhsoc@gmail.com,P,Oxford,Yes,27.09.16,Rebecca,,,,,,,,,,,,,,,,,,,,
Oxford Solidarity for Syria,,oxfordsolidarityforsyria@gmail.com,P,Oxford,Yes,27.09.16,Rebecca,,,,,,,,,,,,,,,,,,,,
Oxford South Slavic Society,,tonci.ivanisevic@trinity.ox.ac.uk,P,Oxford,Yes,27.09.16,Rebecca,,,,,,,,,,,,,,,,,,,,
Oxford Star Trek Society,,callum.spiller@pmb.ox.ac.uk,P,Oxford,Yes,27.09.16,Rebecca,,,,,,,,,,,,,,,,,,,,
Oxford Strategy Group,,info@oxfordstrategygroup.com,P,Oxford,Yes,27.09.16,Rebecca,,,,,,,,,,,,,,,,,,,,
Oxford Student Food Cooperative,,oxfordfoodcoop@gmail.com,P,Oxford,Yes,27.09.16,Rebecca,,,,,,,,,,,,,,,,,,,,
Oxford Student Go Society,,toby.cathcartburn@merton.ox.ac.uk,P,Oxford,Yes,27.09.16,Rebecca,,,,,,,,,,,,,,,,,,,,
Oxford Student Green Party,,oxfordstudentgreens@gmail.com,P,Oxford,Yes,27.09.16,Rebecca,,,,,,,,,,,,,,,,,,,,
Oxford Student Mindfulness Society,,oxfordstudentmindfulnesssoc@gmail.com,P,Oxford,Yes,27.09.16,Rebecca,,,,,,,,,,,,,,,,,,,,
Oxford Student Minds,,oxford@studentminds.org.uk,P,Oxford,Yes,27.09.16,Rebecca,,,,,,,,,,,,,,,,,,,,
Oxford Student Publications Ltd.,,chairman@ospl.org,P,Oxford,Yes,27.09.16,Rebecca,,,,,,,,,,,,,,,,,,,,
Oxford Students for Animals,,benjamin.jarvis@keble.ox.ac.uk,P,Oxford,Yes,27.09.16,Rebecca,,,,,,,,,,,,,,,,,,,,
Oxford Students for Liberty,,lucinda.chamberlain@bnc.ox.ac.uk,P,Oxford,Yes,27.09.16,Rebecca,,,,,,,,,,,,,,,,,,,,
Oxford Students for Life,,studentsforlife.oxford@gmail.com,P,Oxford,Yes,27.09.16,Rebecca,,,,,,,,,,,,,,,,,,,,
Oxford Students' Oxfam Group,,megan.park@hertford.ox.ac.uk,P,Oxford,Yes,27.09.16,Rebecca,,,,,,,,,,,,,,,,,,,,
Oxford Students' Palestine Society,,palsocoxford@gmail.com,P,Oxford,Yes,27.09.16,Rebecca,,,,,,,,,,,,,,,,,,,,
Oxford TEACH,,oxforduniversity.teach@gmail.com,P,Oxford,Yes,27.09.16,Rebecca,,,,,,,,,,,,,,,,,,,,
Oxford Teach Green,,oxfordteachgreen@gmail.com,P,Oxford,Yes,27.09.16,Rebecca,,,,,,,,,,,,,,,,,,,,
Oxford Thai Society,,thitapa.haritaworn@balliol.ox.ac.uk,P,Oxford,Yes,27.09.16,Rebecca,,,,,,,,,,,,,,,,,,,,
Oxford Theology Society,,info@oxfordtheologysociety.co.uk,P,Oxford,Yes,27.09.16,Rebecca,,,,,,,,,,,,,,,,,,,,
Oxford Travel Society,,oxfordtravelsociety@gmail.com,P,Oxford,Yes,27.09.16,Rebecca,,,,,,,,,,,,,,,,,,,,
Oxford UCU,,ucu@ox.ac.uk,P,Oxford,Yes,27.09.16,Rebecca,,,,,,,,,,,,,,,,,,,,
Oxford Unicef on Campus,,oxfordunicef2014@gmail.com,P,Oxford,Yes,27.09.16,Rebecca,,,,,,,,,,,,,,,,,,,,
Oxford Union,,enquiries@oxford-union.org,P,Oxford,Yes,27.09.16,Rebecca,,,,,,,,,,,,,,,,,,,,
Oxford University Africa Society,,africa.society@studentclubs.ox.ac.uk,P,Oxford,Yes,27.09.16,Rebecca,,,,,,,,,,,,,,,,,,,,
Oxford University Arab Cultural Society,,omar.shweiki@balliol.ox.ac.uk,P,Oxford,Yes,27.09.16,Rebecca,,,,,,,,,,,,,,,,,,,,
Oxford University Archaeological Society,,gonzalo.linaresmatas@st-hughs.ox.ac.uk,P,Oxford,Yes,27.09.16,Rebecca,,,,,,,,,,,,,,,,,,,,
Oxford University Asia-Pacific Society,,william.ip@pmb.ox.ac.uk,P,Oxford,Yes,27.09.16,Rebecca,,,,,,,,,,,,,,,,,,,,
Oxford University Australian Rules Football Club,,eugene.duff@ndcn.ox.ac.uk,P,Oxford,Yes,27.09.16,Rebecca,,,,,,,,,,,,,,,,,,,,
Oxford University Austrian Society,,oxford.austriansociety@gmail.com,P,Oxford,Yes,27.09.16,Rebecca,,,,,,,,,,,,,,,,,,,,
Oxford University Badminton Club,,christopher.lim@univ.ox.ac.uk,P,Oxford,Yes,27.09.16,Rebecca,,,,,,,,,,,,,,,,,,,,
Oxford University Ballet Society,,ouballet@yahoo.co.uk,P,Oxford,Yes,27.09.16,Rebecca,,,,,,,,,,,,,,,,,,,,
Oxford University Bangladesh Society,,khaleque@maths.ox.ac.uk,P,Oxford,Yes,27.09.16,Rebecca,,,,,,,,,,,,,,,,,,,,
Oxford University Basketball Club,,oubbcprrep@gmail.com,P,Oxford,Yes,27.09.16,Rebecca,,,,,,,,,,,,,,,,,,,,
Oxford University Belgo-Luxembourgish Society,,oxforduniversitybelgoluxsoc@gmail.com,P,Oxford,Yes,27.09.16,Rebecca,,,,,,,,,,,,,,,,,,,,
Oxford University Biological Society,,oxfordbiologicalsoc@gmail.com,P,Oxford,Yes,27.09.16,Rebecca,,,,,,,,,,,,,,,,,,,,
Oxford University Blind Tasting Society,,oxfordblindtasting@gmail.com,P,Oxford,Yes,27.09.16,Rebecca,,,,,,,,,,,,,,,,,,,,
Oxford University Board Game Society,,ouboardgames@gmail.com,P,Oxford,Yes,27.09.16,Rebecca,,,,,,,,,,,,,,,,,,,,
Oxford University Brass Band,,oubrass@oums.org,P,Oxford,Yes,27.09.16,Rebecca,,,,,,,,,,,,,,,,,,,,
Oxford University Brazilian Society,,brazilian.society@studentclubs.ox.ac.uk,P,Oxford,Yes,27.09.16,Rebecca,,,,,,,,,,,,,,,,,,,,
Oxford University Canoe and Kayak Club,,canoe-kayak.club@studentclubs.ox.ac.uk,P,Oxford,Yes,27.09.16,Rebecca,,,,,,,,,,,,,,,,,,,,
Oxford University Caving Club,,john.williams@pmb.ox.ac.uk,P,Oxford,Yes,27.09.16,Rebecca,,,,,,,,,,,,,,,,,,,,
Oxford University Ceilidh Band,,oxfordceilidhband@gmail.com,P,Oxford,Yes,27.09.16,Rebecca,,,,,,,,,,,,,,,,,,,,
Oxford University Cheerleading Club,,emilie.heddle@st-hughs.ox.ac.uk,P,Oxford,Yes,27.09.16,Rebecca,,,,,,,,,,,,,,,,,,,,
Oxford University Chemistry Society,,ouchemsoc@gmail.com,P,Oxford,Yes,27.09.16,Rebecca,,,,,,,,,,,,,,,,,,,,
Oxford University Chess Club,,chess.society@studentclubs.ox.ac.uk,P,Oxford,Yes,27.09.16,Rebecca,,,,,,,,,,,,,,,,,,,,
Oxford University Chinese Society,,oucs.general@gmail.com,P,Oxford,Yes,27.09.16,Rebecca,,,,,,,,,,,,,,,,,,,,
Oxford University Company of Archers,,president@oucofa.com,P,Oxford,Yes,27.09.16,Rebecca,,,,,,,,,,,,,,,,,,,,
Oxford University Computer Society,,committee@ox.compsoc.net,P,Oxford,Yes,27.09.16,Rebecca,,,,,,,,,,,,,,,,,,,,
Oxford University Conservative Association,,jan.nedvidek@chch.ox.ac.uk,P,Oxford,Yes,27.09.16,Rebecca,,,,,,,,,,,,,,,,,,,,
Oxford University Contract Bridge Association,,peter.banks@worc.ox.ac.uk,P,Oxford,Yes,27.09.16,Rebecca,,,,,,,,,,,,,,,,,,,,
Oxford University Croquet Club,,croquet.club@studentclubs.ox.ac.uk,P,Oxford,Yes,27.09.16,Rebecca,,,,,,,,,,,,,,,,,,,,
Oxford University Cross Country Club,,alexander.howard@chch.ox.ac.uk,P,Oxford,Yes,27.09.16,Rebecca,,,,,,,,,,,,,,,,,,,,
Oxford University Cycling Club,,christopher.ricketts@wadh.ox.ac.uk,P,Oxford,Yes,27.09.16,Rebecca,,,,,,,,,,,,,,,,,,,,
Oxford University Czech and Slovak Society,,oucss.oxford@gmail.com,P,Oxford,Yes,27.09.16,Rebecca,,,,,,,,,,,,,,,,,,,,
Oxford University Disability Mooting Championship,,luke.rostill@law.ox.ac.uk,P,Oxford,Yes,27.09.16,Rebecca,,,,,,,,,,,,,,,,,,,,
Oxford University DodgeBall Club,,oudodgeball@gmail.com,P,Oxford,Yes,27.09.16,Rebecca,,,,,,,,,,,,,,,,,,,,
Oxford University eSports Society,,martin.miklos@st-hughs.ox.ac.uk,P,Oxford,Yes,27.09.16,Rebecca,,,,,,,,,,,,,,,,,,,,
Oxford University European Affairs Society,,daniel.bayliss@trinity.ox.ac.uk,P,Oxford,Yes,27.09.16,Rebecca,,,,,,,,,,,,,,,,,,,,
Oxford University Fencing Club,,president@oufencing.co.uk,P,Oxford,Yes,27.09.16,Rebecca,,,,,,,,,,,,,,,,,,,,
Oxford University French Society,,oxufrenchsociety@gmail.com,P,Oxford,Yes,27.09.16,Rebecca,,,,,,,,,,,,,,,,,,,,
Oxford University Gilbert and Sullivan Society,,president@ougss.org,P,Oxford,Yes,27.09.16,Rebecca,,,,,,,,,,,,,,,,,,,,
Oxford University Greek Society,,greek.society@studentclubs.ox.ac.uk,P,Oxford,Yes,27.09.16,Rebecca,,,,,,,,,,,,,,,,,,,,
Oxford University Gregorian Chant Society,,oxfordgregorianchant@gmail.com,P,Oxford,Yes,27.09.16,Rebecca,,,,,,,,,,,,,,,,,,,,
Oxford University Gymnastics Club,,elizabeth.andrew@univ.ox.ac.uk,P,Oxford,Yes,27.09.16,Rebecca,,,,,,,,,,,,,,,,,,,,
Oxford University Hacky Sack Society,,mayur.pant@cs.ox.ac.uk,P,Oxford,Yes,27.09.16,Rebecca,,,,,,,,,,,,,,,,,,,,
Oxford University Handball Club,,unimai@hotmail.com,P,Oxford,Yes,27.09.16,Rebecca,,,,,,,,,,,,,,,,,,,,
Oxford University Harry Potter Society,,sean.loveridge@new.ox.ac.uk,P,Oxford,Yes,27.09.16,Rebecca,,,,,,,,,,,,,,,,,,,,
Oxford University Historical Reenactment Society,,conor.cooper@wadh.ox.ac.uk,P,Oxford,Yes,27.09.16,Rebecca,,,,,,,,,,,,,,,,,,,,
Oxford University History Society,,elizabeth.chittenden@chch.ox.ac.uk,P,Oxford,Yes,27.09.16,Rebecca,,,,,,,,,,,,,,,,,,,,
Oxford University Hong Kong Society,,president@ouhks.com,P,Oxford,Yes,27.09.16,Rebecca,,,,,,,,,,,,,,,,,,,,
Oxford University Ice Hockey Club,,ouihcpres@gmail.com,P,Oxford,Yes,27.09.16,Rebecca,,,,,,,,,,,,,,,,,,,,
Oxford University Indonesia Society,,oxfordindonesiasociety@gmail.com,P,Oxford,Yes,27.09.16,Rebecca,,,,,,,,,,,,,,,,,,,,
Oxford University Italian Society,,italy.society@studentclubs.ox.ac.uk,P,Oxford,Yes,27.09.16,Rebecca,,,,,,,,,,,,,,,,,,,,
Oxford University Jazz Society,,jazz.society@studentclubs.ox.ac.uk,P,Oxford,Yes,27.09.16,Rebecca,,,,,,,,,,,,,,,,,,,,
Oxford University Karate Club,,isabel.thomlinson@lmh.ox.ac.uk,P,Oxford,Yes,27.09.16,Rebecca,,,,,,,,,,,,,,,,,,,,
Oxford University Kendo Club,,oxfordkendo@gmail.com,P,Oxford,Yes,27.09.16,Rebecca,,,,,,,,,,,,,,,,,,,,
Oxford University Kickboxing Club,,oxfordunikickboxing@gmail.com,P,Oxford,Yes,27.09.16,Rebecca,,,,,,,,,,,,,,,,,,,,
Oxford University Labour Club,,oxunilabour@gmail.com,P,Oxford,Yes,27.09.16,Rebecca,,,,,,,,,,,,,,,,,,,,
Oxford University Lacrosse Club,,alice.jamison@some.ox.ac.uk,P,Oxford,Yes,27.09.16,Rebecca,,,,,,,,,,,,,,,,,,,,
Oxford University Lawn Tennis Club,,zebedee.nicholls@sjc.ox.ac.uk,P,Oxford,Yes,27.09.16,Rebecca,,,,,,,,,,,,,,,,,,,,
Oxford University LDS Student Association,,oxfordldssa@gmail.com,P,Oxford,Yes,27.09.16,Rebecca,,,,,,,,,,,,,,,,,,,,
Oxford University LGBTQ Society,,enquiries@oulgbtsoc.org.uk,P,Oxford,Yes,27.09.16,Rebecca,,,,,,,,,,,,,,,,,,,,
Oxford University Liberal Democrats,,matthew.sumption@chch.ox.ac.uk,P,Oxford,Yes,27.09.16,Rebecca,,,,,,,,,,,,,,,,,,,,
Oxford University Lifesaving Club,,president@oulsc.org.uk,P,Oxford,Yes,27.09.16,Rebecca,,,,,,,,,,,,,,,,,,,,
Oxford University Light Entertainment Society,,president@oules.lightentertainment.org,P,Oxford,Yes,27.09.16,Rebecca,,,,,,,,,,,,,,,,,,,,
Oxford University Malaysian and Singapore Students Association,,president@oumssa.org,P,Oxford,Yes,27.09.16,Rebecca,,,,,,,,,,,,,,,,,,,,
Oxford University Management Society,,oums2015comm@gmail.com,P,Oxford,Yes,27.09.16,Rebecca,,,,,,,,,,,,,,,,,,,,
Oxford University Modern Pentathlon Association,,president@oxfordpentathlon.org,P,Oxford,Yes,27.09.16,Rebecca,,,,,,,,,,,,,,,,,,,,
Oxford University Morris Men,,squire@am39.com,P,Oxford,Yes,27.09.16,Rebecca,,,,,,,,,,,,,,,,,,,,
Oxford University Music Society,,secretary@oums.org,P,Oxford,Yes,27.09.16,Rebecca,,,,,,,,,,,,,,,,,,,,
Oxford University Musical Theatre Society,,stefano.marchesani@wadh.ox.ac.uk,P,Oxford,Yes,27.09.16,Rebecca,,,,,,,,,,,,,,,,,,,,
Oxford University Netball Club,,victoria.james@queens.ox.ac.uk,P,Oxford,Yes,27.09.16,Rebecca,,,,,,,,,,,,,,,,,,,,
Oxford University Numismatic Society,,kim.zhang@wadh.ox.ac.uk,P,Oxford,Yes,27.09.16,Rebecca,,,,,,,,,,,,,,,,,,,,
Oxford University Octopush Club,,lennard.lee@queens.ox.ac.uk,P,Oxford,Yes,27.09.16,Rebecca,,,,,,,,,,,,,,,,,,,,
Oxford University Pakistan Society,,secretary@oupaksoc.net,P,Oxford,Yes,27.09.16,Rebecca,,,,,,,,,,,,,,,,,,,,
Oxford University Photography Society,,photographic.society@studentclubs.ox.ac.uk,P,Oxford,Yes,27.09.16,Rebecca,,,,,,,,,,,,,,,,,,,,
Oxford University Physics Society,,oups.committee@gmail.com,P,Oxford,Yes,27.09.16,Rebecca,,,,,,,,,,,,,,,,,,,,
Oxford University Pistol Club,,captain@oupc.co.uk,P,Oxford,Yes,27.09.16,Rebecca,,,,,,,,,,,,,,,,,,,,
Oxford University Poetry Society,,oxforduniversitypoetrysociety@gmail.com,P,Oxford,Yes,27.09.16,Rebecca,,,,,,,,,,,,,,,,,,,,
Oxford University Polish Society,,michal.karolak@magd.ox.ac.uk,P,Oxford,Yes,27.09.16,Rebecca,,,,,,,,,,,,,,,,,,,,
Oxford University Polo Club,,polo.club@studentclubs.ox.ac.uk,P,Oxford,Yes,27.09.16,Rebecca,,,,,,,,,,,,,,,,,,,,
Oxford University Pool and Snooker Club,,oupsc-president@hotmail.com,P,Oxford,Yes,27.09.16,Rebecca,,,,,,,,,,,,,,,,,,,,
Oxford University Portuguese Society,,maria.sousafialho@wadh.ox.ac.uk,P,Oxford,Yes,27.09.16,Rebecca,,,,,,,,,,,,,,,,,,,,
Oxford University Psychology Society,,sophie.waldron@ccc.ox.ac.uk,P,Oxford,Yes,27.09.16,Rebecca,,,,,,,,,,,,,,,,,,,,
Oxford University Quiz Society,,quiz.society@studentclubs.ox.ac.uk,P,Oxford,Yes,27.09.16,Rebecca,,,,,,,,,,,,,,,,,,,,
Oxford University Rock and Metal Society,,rock.society@studentclubs.ox.ac.uk,P,Oxford,Yes,27.09.16,Rebecca,,,,,,,,,,,,,,,,,,,,
Oxford University Role Playing Games Society,,matilda.tempest@mansfield.ox.ac.uk,P,Oxford,Yes,27.09.16,Rebecca,,,,,,,,,,,,,,,,,,,,
Oxford University Romanian Society,,ana.casapopol@balliol.ox.ac.uk,P,Oxford,Yes,27.09.16,Rebecca,,,,,,,,,,,,,,,,,,,,
Oxford University Rubgy League Football Club,,ourlfc.rugbyleague@gmail.com,P,Oxford,Yes,27.09.16,Rebecca,,,,,,,,,,,,,,,,,,,,
Oxford University Rugby Fives Club,,nicholas.whitney@magd.ox.ac.uk,P,Oxford,Yes,27.09.16,Rebecca,,,,,,,,,,,,,,,,,,,,
Oxford University Russian Society,,press.ours@gmail.com,P,Oxford,Yes,27.09.16,Rebecca,,,,,,,,,,,,,,,,,,,,
Oxford University Salsa Society,,info@ouss.co.uk,P,Oxford,Yes,27.09.16,Rebecca,,,,,,,,,,,,,,,,,,,,
Oxford University Scientific Society,,scientific.society@studentclubs.ox.ac.uk,P,Oxford,Yes,27.09.16,Rebecca,,,,,,,,,,,,,,,,,,,,
Oxford University Scottish Dance Society,,scottish.dance@studentclubs.ox.ac.uk,P,Oxford,Yes,27.09.16,Rebecca,,,,,,,,,,,,,,,,,,,,
Oxford University Scout and Guide Group,,chair@ousgg.org.uk,P,Oxford,Yes,27.09.16,Rebecca,,,,,,,,,,,,,,,,,,,,
Oxford University Ski and Snowboard Club,,elysia.hannaford@jesus.ox.ac.uk,P,Oxford,Yes,27.09.16,Rebecca,,,,,,,,,,,,,,,,,,,,
Oxford University Society of Bibliophiles,,oxford.bibliophiles@gmail.com,P,Oxford,Yes,27.09.16,Rebecca,,,,,,,,,,,,,,,,,,,,
Oxford University Society of Biomedical Sciences,,ousbms@gmail.com,P,Oxford,Yes,27.09.16,Rebecca,,,,,,,,,,,,,,,,,,,,
Oxford University Society of Change Ringers,,isobel.fray@merton.ox.ac.uk,P,Oxford,Yes,27.09.16,Rebecca,,,,,,,,,,,,,,,,,,,,
Oxford University Space and Astronomy Society,,space.society@studentclubs.ox.ac.uk,P,Oxford,Yes,27.09.16,Rebecca,,,,,,,,,,,,,,,,,,,,
Oxford University Spanish Society,,william.carter@st-annes.ox.ac.uk,P,Oxford,Yes,27.09.16,Rebecca,,,,,,,,,,,,,,,,,,,,
Oxford University Speculative Fiction Group,,ousfg.society@studentclubs.ox.ac.uk,P,Oxford,Yes,27.09.16,Rebecca,,,,,,,,,,,,,,,,,,,,
Oxford University Student PEN,,oxfordstudentpen@gmail.com,P,Oxford,Yes,27.09.16,Rebecca,,,,,,,,,,,,,,,,,,,,
Oxford University Surf Club,,ousurf@gmail.com,P,Oxford,Yes,27.09.16,Rebecca,,,,,,,,,,,,,,,,,,,,
Oxford University Symphonic Band,,oxford-symphonic-band@googlegroups.com,P,Oxford,Yes,27.09.16,Rebecca,,,,,,,,,,,,,,,,,,,,
Oxford University Table Tennis Club,,oxforduniversityttc@gmail.com,P,Oxford,Yes,27.09.16,Rebecca,,,,,,,,,,,,,,,,,,,,
Oxford University Taijiquan Association Club,,jennifer.handsel@stx.ox.ac.uk,P,Oxford,Yes,27.09.16,Rebecca,,,,,,,,,,,,,,,,,,,,
Oxford University Theatre Technicians and Designers,,webmaster@tabsareforflying.co.uk,P,Oxford,Yes,27.09.16,Rebecca,,,,,,,,,,,,,,,,,,,,
Oxford University Trading Card Game Society,,joe_buckwell@hotmail.co.uk,P,Oxford,Yes,27.09.16,Rebecca,,,,,,,,,,,,,,,,,,,,
Oxford University Triathlon Club,,sam.skillcorn@jesus.ox.ac.uk,P,Oxford,Yes,27.09.16,Rebecca,,,,,,,,,,,,,,,,,,,,
Oxford University Turkish Society,,turkish.society@studentclubs.ox.ac.uk,P,Oxford,Yes,27.09.16,Rebecca,,,,,,,,,,,,,,,,,,,,
Oxford University Ukrainian Society,,president@ukrainianoxford.org,P,Oxford,Yes,27.09.16,Rebecca,,,,,,,,,,,,,,,,,,,,
Oxford University Ultimate Club,,oxforduniultimate@gmail.com,P,Oxford,Yes,27.09.16,Rebecca,,,,,,,,,,,,,,,,,,,,
Oxford University Underwater Exploration Club,,ouueg.oxford@gmail.com,P,Oxford,Yes,27.09.16,Rebecca,,,,,,,,,,,,,,,,,,,,
Oxford University United Nations Association,,president@ouuna.co.uk,P,Oxford,Yes,27.09.16,Rebecca,,,,,,,,,,,,,,,,,,,,
Oxford University Volleyball,,president@ouvc.net,P,Oxford,Yes,27.09.16,Rebecca,,,,,,,,,,,,,,,,,,,,
Oxford University Walking Club,,president@ouwc.org,P,Oxford,Yes,27.09.16,Rebecca,,,,,,,,,,,,,,,,,,,,
Oxford University Water Polo Club,,ouwpc.pres@gmail.com,P,Oxford,Yes,27.09.16,Rebecca,,,,,,,,,,,,,,,,,,,,
Oxford University Windsurfing Club,,windsurfcommittee@maillist.ox.ac.uk,P,Oxford,Yes,27.09.16,Rebecca,,,,,,,,,,,,,,,,,,,,
Oxford University Wine Circle,,ouwc.committee@gmail.com,P,Oxford,Yes,27.09.16,Rebecca,,,,,,,,,,,,,,,,,,,,
Oxford University Women's Association Football Club,,helen.bridgman@st-hughs.ox.ac.uk,P,Oxford,Yes,27.09.16,Rebecca,,,,,,,,,,,,,,,,,,,,
Oxford University Women's Rugby Union Club,,ouwrfcblues@gmail.com,P,Oxford,Yes,27.09.16,Rebecca,,,,,,,,,,,,,,,,,,,,
Oxford University Yacht Club,,vice-commodore@ouyc.co.uk,P,Oxford,Yes,27.09.16,Rebecca,,,,,,,,,,,,,,,,,,,,
Oxford VegSoc,,oxfordvegsoc@gmail.com,P,Oxford,Yes,27.09.16,Rebecca,,,,,,,,,,,,,,,,,,,,
Oxford Women in Business,,oxfordwomeninbusiness@gmail.com,P,Oxford,Yes,27.09.16,Rebecca,,,,,,,,,,,,,,,,,,,,
Oxford World Music Society,,vincent.ooi@trinity.ox.ac.uk,P,Oxford,Yes,27.09.16,Rebecca,,,,,,,,,,,,,,,,,,,,
Oxford Young Independence,,ukipoxford@icloud.com,P,Oxford,Yes,27.09.16,Rebecca,,,,,,,,,,,,,,,,,,,,
Oxford Zumba Society,,t.moore@oxon.org,P,Oxford,Yes,27.09.16,Rebecca,,,,,,,,,,,,,,,,,,,,
Oxford-India Health Research Network,,premjith.cheruvath@georgeinstitute.ox.ac.uk,P,Oxford,Yes,27.09.16,Rebecca,,,,,,,,,,,,,,,,,,,,
OxFund,,hello.oxfund@gmail.com,P,Oxford,Yes,27.09.16,Rebecca,,,,,,,,,,,,,,,,,,,,
Oxide Radio,,oxide.stationmanager@gmail.com,P,Oxford,Yes,27.09.16,Rebecca,,,,,,,,,,,,,,,,,,,,
OxPASS,,oxpass.hk@gmail.com,P,Oxford,Yes,27.09.16,Rebecca,,,,,,,,,,,,,,,,,,,,
OxPolicy,,director@oxpolicy.co.uk,P,Oxford,Yes,27.09.16,Rebecca,,,,,,,,,,,,,,,,,,,,
Pathways to Law,,pathwaystolaw@admin.ox.ac.uk,P,Oxford,Yes,27.09.16,Rebecca,,,,,,,,,,,,,,,,,,,,
Pembroke College JCR Music & Drama,,callum.spiller@pmb.ox.ac.uk,P,Oxford,Yes,27.09.16,Rebecca,,,,,,,,,,,,,,,,,,,,
PRAYOG,,prayogeducation@gmail.com,P,Oxford,Yes,27.09.16,Rebecca,,,,,,,,,,,,,,,,,,,,
Public Health Film Society,,publichealthfilmsociety@gmail.com,P,Oxford,Yes,27.09.16,Rebecca,,,,,,,,,,,,,,,,,,,,
Red Cross on Campus,,daniel.zajarias-fainsod@wadh.ox.ac.uk,P,Oxford,Yes,27.09.16,Rebecca,,,,,,,,,,,,,,,,,,,,
Sexpression Oxford,,oxford@sexpression.org.uk,P,Oxford,Yes,27.09.16,Rebecca,,,,,,,,,,,,,,,,,,,,
Skin Deep,,skindeepoxford@gmail.com,P,Oxford,Yes,27.09.16,Rebecca,,,,,,,,,,,,,,,,,,,,
SMV Students,,university.church@ox.ac.uk,P,Oxford,Yes,27.09.16,Rebecca,,,,,,,,,,,,,,,,,,,,
Socialist Worker Student Society,,swss@swp.org.uk,P,Oxford,Yes,27.09.16,Rebecca,,,,,,,,,,,,,,,,,,,,
Society of Alternate Events,,sara.tor@st-hildas.ox.ac.uk,P,Oxford,Yes,27.09.16,Rebecca,,,,,,,,,,,,,,,,,,,,
Socrates Society,,william.brown@seh.ox.ac.uk,P,Oxford,Yes,27.09.16,Rebecca,,,,,,,,,,,,,,,,,,,,
SOUP,,oxford.ukulele@gmail.com,P,Oxford,Yes,27.09.16,Rebecca,,,,,,,,,,,,,,,,,,,,
Splash at Oxford,,oxfordsplash@gmail.com,P,Oxford,Yes,27.09.16,Rebecca,,,,,,,,,,,,,,,,,,,,
Spleen,,spleenoxfordliteraryjournal@gmail.com,P,Oxford,Yes,27.09.16,Rebecca,,,,,,,,,,,,,,,,,,,,
St John Ambulance - Oxford LINKS Unit,,oliviajaynesharp@gmail.com,P,Oxford,Yes,27.09.16,Rebecca,,,,,,,,,,,,,,,,,,,,
Student Parents,,parentsandcarers@ousu.ox.ac.uk,P,Oxford,Yes,27.09.16,Rebecca,,,,,,,,,,,,,,,,,,,,
Students Supporting Street Kids,,ssskoxford@gmail.com,P,Oxford,Yes,27.09.16,Rebecca,,,,,,,,,,,,,,,,,,,,
Students4Students,,alex.astley@students4students.org.uk,P,Oxford,Yes,27.09.16,Rebecca,,,,,,,,,,,,,,,,,,,,
SynOX,,robert.oppenheimer@wolfson.ox.ac.uk,P,Oxford,Yes,27.09.16,Rebecca,,,,,,,,,,,,,,,,,,,,
Taruithorn,,taruithorn@gmail.com,P,Oxford,Yes,27.09.16,Rebecca,,,,,,,,,,,,,,,,,,,,
The Arcadian Singers,,arcadiansingersoxford@gmail.com,P,Oxford,Yes,27.09.16,Rebecca,,,,,,,,,,,,,,,,,,,,
The Chapel Choir of St John's College,,cecilia.peker@sjc.ox.ac.uk,P,Oxford,Yes,27.09.16,Rebecca,,,,,,,,,,,,,,,,,,,,
The Donut Kings,,donutkingsoxford@gmail.com,P,Oxford,Yes,27.09.16,Rebecca,,,,,,,,,,,,,,,,,,,,
The Failed Novelists,,failednovelists@gmail.com,P,Oxford,Yes,27.09.16,Rebecca,,,,,,,,,,,,,,,,,,,,
The John Wesley Society in Oxford,,committee@johnwesleysociety.org.uk,P,Oxford,Yes,27.09.16,Rebecca,,,,,,,,,,,,,,,,,,,,
The One Day Play,,bryony186@gmail.com,P,Oxford,Yes,27.09.16,Rebecca,,,,,,,,,,,,,,,,,,,,
The Oxford Alternotives,,theoxfordalts@gmail.com,P,Oxford,Yes,27.09.16,Rebecca,,,,,,,,,,,,,,,,,,,,
The Oxford Belles,,theoxfordbelles@gmail.com,P,Oxford,Yes,27.09.16,Rebecca,,,,,,,,,,,,,,,,,,,,
The Oxford Book Club,,theoxfordbookclub@gmail.com,P,Oxford,Yes,27.09.16,Rebecca,,,,,,,,,,,,,,,,,,,,
The Oxford Culture Review,,theoxfordculturereview@gmail.com,P,Oxford,Yes,27.09.16,Rebecca,Yes,,,,,,,,,,,,,,,,,,,
The Oxford Forum,,theoxfordforum.communications@gmail.com,P,Oxford,Yes,27.09.16,Rebecca,,,,,,,,,,,,,,,,,,,,
The Oxford Gargoyles,,oxfordgargoyles@googlemail.com,P,Oxford,Yes,27.09.16,Rebecca,,,,,,,,,,,,,,,,,,,,
The Oxford Guild Business Society,,president@theoxfordguild.com,P,Oxford,Yes,27.09.16,Rebecca,,,,,,,,,,,,,,,,,,,,
The Oxford Left Review,,oxfordleftreview@gmail.com,P,Oxford,Yes,27.09.16,Rebecca,,,,,,,,,,,,,,,,,,,,
The Oxford Star Trek Society,,oscar.acton@jesus.ox.ac.uk,P,Oxford,Yes,27.09.16,Rebecca,,,,,,,,,,,,,,,,,,,,
The Oxford University Invariant Society,,president@invariants.org.uk,P,Oxford,Yes,27.09.16,Rebecca,,,,,,,,,,,,,,,,,,,,
The Oxymoron,,oxonsatire@gmail.com,P,Oxford,Yes,27.09.16,Rebecca,,,,,,,,,,,,,,,,,,,,
The Pillowman at the Oxford Playhouse,,thepillowman2014@gmail.com,P,Oxford,Yes,27.09.16,Rebecca,,,,,,,,,,,,,,,,,,,,
The Three Musketeers,,suzannah.king@regents.ox.ac.uk,P,Oxford,Yes,27.09.16,Rebecca,,,,,,,,,,,,,,,,,,,,
The Vulture Sessions,,jack.saville@new.ox.ac.uk,P,Oxford,Yes,27.09.16,Rebecca,,,,,,,,,,,,,,,,,,,,
Theology Network,,pauljchilds1@gmail.com,P,Oxford,Yes,27.09.16,Rebecca,,,,,,,,,,,,,,,,,,,,
Touch Rugby,,miles.partridge@ccc.ox.ac.uk,P,Oxford,Yes,27.09.16,Rebecca,,,,,,,,,,,,,,,,,,,,
Trinity College Orchestra,,charlotte.lynch@trinity.ox.ac.uk,P,Oxford,Yes,27.09.16,Rebecca,,,,,,,,,,,,,,,,,,,,
Turl Street Orchestra,,oxfordturlstreetorchestra@gmail.com,P,Oxford,Yes,27.09.16,Rebecca,,,,,,,,,,,,,,,,,,,,
University College Music Society,,grace.mallon@univ.ox.ac.uk,P,Oxford,Yes,27.09.16,Rebecca,,,,,,,,,,,,,,,,,,,,
University Drama Officer,,drama.officer@admin.ox.ac.uk,P,Oxford,Yes,27.09.16,Rebecca,,,,,,,,,,,,,,,,,,,,
Varsity Horse Racing Squad,,alice.stables@mac.com,P,Oxford,Yes,27.09.16,Rebecca,,,,,,,,,,,,,,,,,,,,
VERSA News,,editor@versanews.co.uk,P,Oxford,Yes,27.09.16,Rebecca,,,,,,,,,,,,,,,,,,,,
Vietnamese Society in Oxford,,vnoxford@gmail.com,P,Oxford,Yes,27.09.16,Rebecca,,,,,,,,,,,,,,,,,,,,
West Side Story,,isabel.ogilvie-smith@seh.ox.ac.uk,P,Oxford,Yes,27.09.16,Rebecca,,,,,,,,,,,,,,,,,,,,
WILD Magazine,,oxfordwildmagazine@gmail.com,P,Oxford,Yes,27.09.16,Rebecca,,,,,,,,,,,,,,,,,,,,
Winton Volunteers,,wintonvolunteers@gmail.com,P,Oxford,Yes,27.09.16,Rebecca,,,,,,,,,,,,,,,,,,,,
Cuntry Living,,matilda.munro@seh.ox.ac.uk,F,Oxford,,,,,,,,,,,,,,,,,,,,,,,
Keble String Orchestra,,stringorchestra@keblemusic.co.uk,F,Oxford,,,,,,,,,,,,,,,,,,,,,,,
Newman Society: Oxford University Catholic Society,,newman.society@studentclubs.ox.ac.uk,F,Oxford,,,,,,,,,,,,,,,,,,,,,,,
Oxford Christian Aid Society,,bethany.john@regents.ox.ac.uk,F,Oxford,,,,,,,,,,,,,,,,,,,,,,,
Oxford Economics and Management Society,,shayantan.rahman@seh.ox.ac.uk,F,Oxford,,,,,,,,,,,,,,,,,,,,,,,
Oxford Hayek Society,,society@oxfordhayek.org.uk,F,Oxford,,,,,,,,,,,,,,,,,,,,,,,
Oxford Origami Society,,joseph.strickland@bnc.ox.ac.uk,F,Oxford,,,,,,,,,,,,,,,,,,,,,,,
Oxford University Australia New Zealand Society,,genevieve.martin@trinity.ox.ac.uk,F,Oxford,,,,,,,,,,,,,,,,,,,,,,,
Oxford University Buddhist Society,,buddhist.society@studentclubs.ox.ac.uk,F,Oxford,,,,,,,,,,,,,,,,,,,,,,,
Oxford University Chorus,,chorus@oums.org,F,Oxford,,,,,,,,,,,,,,,,,,,,,,,
Oxford University Dance Society,,Moudancesociety@gmail.com,F,Oxford,,,,,,,,,,,,,,,,,,,,,,,
Oxford University Eton Fives,,scarlett.maguire@wadh.ox.ac.uk,F,Oxford,,,,,,,,,,,,,,,,,,,,,,,
Oxford University Majlis Asian Society,,jezah.khamisa@merton.ox.ac.uk,F,Oxford,,,,,,,,,,,,,,,,,,,,,,,
Oxford University Real Ale Society,,secretary@ouras.org.uk,F,Oxford,,,,,,,,,,,,,,,,,,,,,,,
Oxford University Taekwon-do,,president@outkd.co.uk,F,Oxford,,,,,,,,,,,,,,,,,,,,,,,
Oxford University Tea Appreciation Society,,tea.society@studentclubs.ox.ac.uk,F,Oxford,,,,,,,,,,,,,,,,,,,,,,,
Oxford Video Gaming Society,,matthew.smith2@jesus.ox.ac.uk,F,Oxford,,,,,,,,,,,,,,,,,,,,,,,
Oxford Women in Politics,,oxwip@gmail.com,F,Oxford,,,,,,,,,,,,,,,,,,,,,,,
Pusey House,,maksymilian.adach@oriel.ox.ac.uk,F,Oxford,,,,,,,,,,,,,,,,,,,,,,,
Taiwanese Society,,taiwanese.society@studentclubs.ox.ac.uk,F,Oxford,,,,,,,,,,,,,,,,,,,,,,,
Wadham College Chapel Choir,,katherine.pardee@wadh.ox.ac.uk,F,Oxford,,,,,,,,,,,,,,,,,,,,,,,
Food Justice,,foodjustice@oxfordhub.org.uk,F,Oxford,,,,,,,,,,,,,,,,,,,,,,,
Milk and Two Sugars,,producer@milkandtwosugars.com,F,Oxford,,,,,,,,,,,,,,,,,,,,,,,
Oxford International Relations Society,,president@irsoc.org.uk,F,Oxford,,,,,,,,,,,,,,,,,,,,,,,
Oxford Management Society,,info@oumansoc.co.uk,F,Oxford,,,,,,,,,,,,,,,,,,,,,,,
Oxford Middle Eastern Dance Society,,secretary@omeds.org.uk,F,Oxford,,,,,,,,,,,,,,,,,,,,,,,
Oxford Opera Society,,info@oxopsoc.com,F,Oxford,,,,,,,,,,,,,,,,,,,,,,,
Oxford Transitional Justice Research,,claire.vergerio@politics.ox.co.uk,F,Oxford,,,,,,,,,,,,,,,,,,,,,,,
Oxford University Korea Society,,logistics@ouks.org,F,Oxford,,,,,,,,,,,,,,,,,,,,,,,
Oxford University Wargames Society,,daniel.alford@spc.ox.ax.uk,F,Oxford,,,,,,,,,,,,,,,,,,,,,,,
Oxford University Wine Society,,president@oxforduniversitywinesociety.org,F,Oxford,,,,,,,,,,,,,,,,,,,,,,,
OxGAPS,,office@oxgaps.info,F,Oxford,,,,,,,,,,,,,,,,,,,,,,,
OxMak,,director@oxmak.com,F,Oxford,,,,,,,,,,,,,,,,,,,,,,,
OxStu,,editor@oxfordstudent.com,F,Oxford,,,,,,,,,,,,,,,,,,,,,,,
The Sophist,,editor@the-sophist.co.uk,F,Oxford,,,,,,,,,,,,,,,,,,,,,,,
The Tab Oxford,,editor@oxfordtab.co.uk,F,Oxford,,,,,,,,,,,,,,,,,,,,,,,
United Oxford,,katie@unitedoxford.org,F,Oxford,,,,,,,,,,,,,,,,,,,,,,,
The Knowledge Project,,alison@knowledgeproject.co-uk,F,Oxford,,,,,,,,,,,,,,,,,,,,,,,
OURAS,,secretary@ouras.org.uk,F,Oxford,,,,,,,,,,,,,,,,,,,,,,,
Oxford Biotech,,info@oxfordbiotech.org,F,Oxford,,,,,,,,,,,,,,,,,,,,,,,
Oxford University Drama Society,,committee@ouds.org,F,Oxford,,,,,,,,,,,,,,,,,,,,,,,
Oxford University Swimming Club,,naomi.vides@hertford.ox.ac.uk,F,Oxford,,,,,,,,,,,,,,,,,,,,,,,
TEDxOxford 2015,,christopher.williams@tedxoxford.co.uk,F,Oxford,,,,,,,,,,,,,,,,,,,,,,,
Christ Church Music Society and College Choir,,sarah.batten@chch.ox.ac.uk,U,Oxford,,,,,,,,,,,,,,,,,,,,,,,
Open Oxford,,jacob.williams@exeter.ox.ac.uk,U,Oxford,,,,,,,,,,,,,,,,,,,,,,,
Oxford Geology Group Students,,students@oxgg.org.uk,U,Oxford,,,,,,,,,,,,,,,,,,,,,,,
Oxford Linguistics Society,,caris.brooks@magd.ox.ac.uk,U,Oxford,,,,,,,,,,,,,,,,,,,,,,,
Oxford Unite Against Fascism,,admin@oxforduaf.org.uk,U,Oxford,,,,,,,,,,,,,,,,,,,,,,,
Oxford University Aikido Club,,president@oxfordaikikai.org.uk,U,Oxford,,,,,,,,,,,,,,,,,,,,,,,
Oxford University Clay Pigeon Shooting Club,,jeffrey.martin@some.ox.ac.uk,U,Oxford,,,,,,,,,,,,,,,,,,,,,,,
Oxford University Cricket Club,,jonathan.marsden@st-hildas.ox.ac.uk,U,Oxford,,,,,,,,,,,,,,,,,,,,,,,
Oxford University Dancesport Club,,president@oudancesport.co.uk,U,Oxford,,,,,,,,,,,,,,,,,,,,,,,
Oxford University Exploration Club,,helen.tatlow@keble.ox.ac.uk,U,Oxford,,,,,,,,,,,,,,,,,,,,,,,
Oxford University German Society,,president@oxford-germansoc.co.uk,U,Oxford,,,,,,,,,,,,,,,,,,,,,,,
Oxford University Gliding Club,,membership@ougc.org,U,Oxford,,,,,,,,,,,,,,,,,,,,,,,
Oxford University Jazz Orchestra,,info@oujo.co.uk,U,Oxford,,,,,,,,,,,,,,,,,,,,,,,
Oxford University Jitsu Club,,benjamin.wallis@univ.ox.ac.uk,U,Oxford,,,,,,,,,,,,,,,,,,,,,,,
Student Life,,kizzy.jugon@chch.ox.ac.uk,U,Oxford,,,,,,,,,,,,,,,,,,,,,,,
Theatron Novum,,mail@theatronnovum.com,U,Oxford,,,,,,,,,,,,,,,,,,,,,,,
University of Oxford Poker Society,,callum.richardson@bnc.ox.ac.uk,U,Oxford,,,,,,,,,,,,,,,,,,,,,,,
001 Taxis,,,U,Oxford,,,,,,,,,,,,,,,,,,,,,,,
Blackwells,,,U,Oxford,,,,,,,,,,,,,,,,,,,,,,,
Bodleian Libraries,,,U,Oxford,,,,,,,,,,,,,,,,,,,,,,,
Boswells,,,U,Oxford,,,,,,,,,,,,,,,,,,,,,,,
Bounce Design,,,U,Oxford,,,,,,,,,,,,,,,,,,,,,,,
Bright Network,,,U,Oxford,,,,,,,,,,,,,,,,,,,,,,,
Broken Spoke Bike Coop,,,U,Oxford,,,,,,,,,,,,,,,,,,,,,,,
Cecily's Fund,,,U,Oxford,,,,,,,,,,,,,,,,,,,,,,,
Chinese Church,,,U,Oxford,,,,,,,,,,,,,,,,,,,,,,,
Credit Suisse,,,U,Oxford,,,,,,,,,,,,,,,,,,,,,,,
Daily Info,,,U,Oxford,,,,,,,,,,,,,,,,,,,,,,,
Deliveroo,,,U,Oxford,,,,,,,,,,,,,,,,,,,,,,,
Deutsche Bank,,,U,Oxford,,,,,,,,,,,,,,,,,,,,,,,
Dominos,,,U,Oxford,,,,,,,,,,,,,,,,,,,,,,,
Ed Aid,,,U,Oxford,,,,,,,,,,,,,,,,,,,,,,,
"Entrepreneurship Centre, Said Business School",,,U,Oxford,,,,,,,,,,,,,,,,,,,,,,,
Fusion Lifestyle,,,U,Oxford,,,,,,,,,,,,,,,,,,,,,,,
Gideon's Church,,,U,Oxford,,,,,,,,,,,,,,,,,,,,,,,
Graduate Recruitment Bureau,,,U,Oxford,,,,,,,,,,,,,,,,,,,,,,,
HOPE Churches,,,U,Oxford,,,,,,,,,,,,,,,,,,,,,,,
Inside Careers,,,U,Oxford,,,,,,,,,,,,,,,,,,,,,,,
KICC Oxford,,,U,Oxford,,,,,,,,,,,,,,,,,,,,,,,
LA Fitness,,,U,Oxford,,,,,,,,,,,,,,,,,,,,,,,
Lola Lo,,,U,Oxford,,,,,,,,,,,,,,,,,,,,,,,
Lyca Mobile,,,U,Oxford,,,,,,,,,,,,,,,,,,,,,,,
Marmite,,,U,Oxford,,,,,,,,,,,,,,,,,,,,,,,
Milkround,,,U,Oxford,,,,,,,,,,,,,,,,,,,,,,,
New Internationalist,,,U,Oxford,,,,,,,,,,,,,,,,,,,,,,,
Noodle Nation,,,U,Oxford,,,,,,,,,,,,,,,,,,,,,,,
Nuffield College,,,U,Oxford,,,,,,,,,,,,,,,,,,,,,,,
Orchestra of LMH & Wadham,,,U,Oxford,,,,,,,,,,,,,,,,,,,,,,,
OUP Shop,,,U,Oxford,,,,,,,,,,,,,,,,,,,,,,,
OUSU Instagram Competition,,,U,Oxford,,,,,,,,,,,,,,,,,,,,,,,
Oxford African and Caribbean Society,,,U,Oxford,,,,,,,,,,,,,,,,,,,,,,,
Oxford Asian Majlis Society,,,U,Oxford,,,,,,,,,,,,,,,,,,,,,,,
Oxford City Council Recycling,,,U,Oxford,,,,,,,,,,,,,,,,,,,,,,,
Oxford Department of Experimental Psychology,,,U,Oxford,,,,,,,,,,,,,,,,,,,,,,,
Oxford Evolution Ltd,,,U,Oxford,,,,,,,,,,,,,,,,,,,,,,,
Oxford Geography Society,,,U,Oxford,,,,,,,,,,,,,,,,,,,,,,,
Oxford Ice Hockey,,,U,Oxford,,,,,,,,,,,,,,,,,,,,,,,
Oxford Limited,,,U,Oxford,,,,,,,,,,,,,,,,,,,,,,,
Oxford Philomusica,,,U,Oxford,,,,,,,,,,,,,,,,,,,,,,,
Oxford Playhouse Student Shows MT 2015,,,U,Oxford,,,,,,,,,,,,,,,,,,,,,,,
Oxford Royal Naval Unit,,,U,Oxford,,,,,,,,,,,,,,,,,,,,,,,
Oxford Security Services,,,U,Oxford,,,,,,,,,,,,,,,,,,,,,,,
Oxford Tenants' Union,,,U,Oxford,,,,,,,,,,,,,,,,,,,,,,,
Oxford Univeristy Armenian Society,,,U,Oxford,,,,,,,,,,,,,,,,,,,,,,,
Oxford Univeristy Japan Society,,,U,Oxford,,,,,,,,,,,,,,,,,,,,,,,
Oxford University ALTS Ice Hockey Club,,,U,Oxford,,,,,,,,,,,,,,,,,,,,,,,
Oxford University Computing Services,,,U,Oxford,,,,,,,,,,,,,,,,,,,,,,,
Oxford University Estates Services,,,U,Oxford,,,,,,,,,,,,,,,,,,,,,,,
Oxford University Mountaineering Club,,,U,Oxford,,,,,,,,,,,,,,,,,,,,,,,
Oxford University Museums,,,U,Oxford,,,,,,,,,,,,,,,,,,,,,,,
Oxford University Quidditch Club,,,U,Oxford,,,,,,,,,,,,,,,,,,,,,,,
Oxford University Rifle Association,,,U,Oxford,,,,,,,,,,,,,,,,,,,,,,,
Oxford Vaccine Group,,,U,Oxford,,,,,,,,,,,,,,,,,,,,,,,
Oxfordshire Clinical Commissioning Group,,,U,Oxford,,,,,,,,,,,,,,,,,,,,,,,
Phoenix Picture House,,,U,Oxford,,,,,,,,,,,,,,,,,,,,,,,
RateMyPlacement,,,U,Oxford,,,,,,,,,,,,,,,,,,,,,,,
Reclaim Our Bodies,,,U,Oxford,,,,,,,,,,,,,,,,,,,,,,,
RSC,,,U,Oxford,,,,,,,,,,,,,,,,,,,,,,,
Santander,,,U,Oxford,,,,,,,,,,,,,,,,,,,,,,,
Spotify,,,U,Oxford,,,,,,,,,,,,,,,,,,,,,,,
Stagecoach,,,U,Oxford,,,,,,,,,,,,,,,,,,,,,,,
Target Jobs,,,U,Oxford,,,,,,,,,,,,,,,,,,,,,,,
Thames Valley Police,,,U,Oxford,,,,,,,,,,,,,,,,,,,,,,,
The A21 Campaign,,,U,Oxford,,,,,,,,,,,,,,,,,,,,,,,
The Economist,,,U,Oxford,,,,,,,,,,,,,,,,,,,,,,,
The Newman Society - Oxford University Catholic Society,,,U,Oxford,,,,,,,,,,,,,,,,,,,,,,,
The Oxford Greek Play,,,U,Oxford,,,,,,,,,,,,,,,,,,,,,,,
UNION Society,,,U,Oxford,,,,,,,,,,,,,,,,,,,,,,,
Univ Ball,,,U,Oxford,,,,,,,,,,,,,,,,,,,,,,,
Varsity Club,,,U,Oxford,,,,,,,,,,,,,,,,,,,,,,,
Virgin Active,,,U,Oxford,,,,,,,,,,,,,,,,,,,,,,,
Worcester College Chapel Choir,,,U,Oxford,,,,,,,,,,,,,,,,,,,,,,,
YA@stcurc,,,U,Oxford,,,,,,,,,,,,,,,,,,,,,,,
Yoga Quota,,,U,Oxford,,,,,,,,,,,,,,,,,,,,,,,
Branch Up,,branchup@oxfordhub.org,U,Oxford,,,,,,,,,,,,,,,,,,,,,,,
China Britain Youth Association,,admin@cbac-arts.org,U,Oxford,,,,,,,,,,,,,,,,,,,,,,,
CRAE,,crae@ousu.org,U,Oxford,,,,,,,,,,,,,,,,,,,,,,,
Democrats Abroad Oxford Chapter,,oxford@democratsabroad.org.uk,U,Oxford,,,,,,,,,,,,,,,,,,,,,,,
Disabled Students Campaign,,disabledstudents@ousu.org,U,Oxford,,,,,,,,,,,,,,,,,,,,,,,
Environment and Ethics,,eande.chair@ousu.org,U,Oxford,,,,,,,,,,,,,,,,,,,,,,,
HUMSoc,,oxfordhum@groupspaces.com,U,Oxford,,,,,,,,,,,,,,,,,,,,,,,
International Film Society,,oifs@groupspaces.com,U,Oxford,,,,,,,,,,,,,,,,,,,,,,,
International Students' Campaign,,iscchair@ousu.org,U,Oxford,,,,,,,,,,,,,,,,,,,,,,,
ISIS Magazine,,editor@isismagazine.org.uk,U,Oxford,,,,,,,,,,,,,,,,,,,,,,,
It Happens Here,,ithappenshere@ousu.org,U,Oxford,,,,,,,,,,,,,,,,,,,,,,,
IVSC,,enquiries@ivsc.org.uk,U,Oxford,,,,,,,,,,,,,,,,,,,,,,,
Jacari,,info@jacari.org,U,Oxford,,,,,,,,,,,,,,,,,,,,,,,
LGBTQ,,lgbtq.chair@ousu.org,U,Oxford,,,,,,,,,,,,,,,,,,,,,,,
Linkages,,linkages@oxfordhub.org,U,Oxford,,,,,,,,,,,,,,,,,,,,,,,
Living Wage,,livingwage@ousu.org,U,Oxford,,,,,,,,,,,,,,,,,,,,,,,
Mature Students,,msc@ousu.org,U,Oxford,,,,,,,,,,,,,,,,,,,,,,,
Mind Your Head,,MYHchair@ousu.org,U,Oxford,,,,,,,,,,,,,,,,,,,,,,,
Noises Off,,jay@anslow.me.uk,U,Oxford,,,,,,,,,,,,,,,,,,,,,,,
On Your Doorstep,,homeless@ousu.org,U,Oxford,,,,,,,,,,,,,,,,,,,,,,,
OUSU,,enquiries@ousu.org,U,Oxford,,,,,,,,,,,,,,,,,,,,,,,
OUSU Council,,chair@ousu.org,U,Oxford,,,,,,,,,,,,,,,,,,,,,,,
OxFEST,,fest@nexus.ox.ac.uk,U,Oxford,,,,,,,,,,,,,,,,,,,,,,,
Oxford Art Movement,,OAM@groupspaces.com,U,Oxford,,,,,,,,,,,,,,,,,,,,,,,
Oxford Bar Society,,president@oxfordbarsoc.com,U,Oxford,,,,,,,,,,,,,,,,,,,,,,,
Oxford Chinese Students and Scholars Association,,president@oxcssa.org.uk,U,Oxford,,,,,,,,,,,,,,,,,,,,,,,
Oxford Climate Forum,,climateforum@oxfordhub.org,U,Oxford,,,,,,,,,,,,,,,,,,,,,,,
Oxford Hub,,info@oxfordhub.org,U,Oxford,,,,,,,,,,,,,,,,,,,,,,,
Oxford Jewish Society,,president@oxfordjsoc.co.uk,U,Oxford,,,,,,,,,,,,,,,,,,,,,,,
Oxford Parkour,,president@oxfordparkour.co.uk,U,Oxford,,,,,,,,,,,,,,,,,,,,,,,
Oxford Research Drones Society,,ORDSCommittee@groupspaces.com,U,Oxford,,,,,,,,,,,,,,,,,,,,,,,
Oxford University Amnesty International,,amnesty@nexus.ox.ac.uk,U,Oxford,,,,,,,,,,,,,,,,,,,,,,,
Oxford University Animal Ethics Society,,depdirector@oxfordanimalethics.com,U,Oxford,,,,,,,,,,,,,,,,,,,,,,,
Oxford University Association Football Club,,president@ouafc.com,U,Oxford,,,,,,,,,,,,,,,,,,,,,,,
Oxford University Baseball Club,,baseball@nexus.ox.ac.uk,U,Oxford,,,,,,,,,,,,,,,,,,,,,,,
Oxford University Engineering Society,,president@ouengsoc.org,U,Oxford,,,,,,,,,,,,,,,,,,,,,,,
Oxford University Japan Society,,president@oujs.org.uk,U,Oxford,,,,,,,,,,,,,,,,,,,,,,,
Oxford University Judo Club,,info@oxfordjudo.com,U,Oxford,,,,,,,,,,,,,,,,,,,,,,,
Oxford University Nature Conservation Society,,conservationsociety@groupspaces.com,U,Oxford,,,,,,,,,,,,,,,,,,,,,,,
Oxford University Riding Club,,OxfordUniversityRidingClub@groupspaces.com,U,Oxford,,,,,,,,,,,,,,,,,,,,,,,
Oxford University Tennis Club,,pros@outc.org.uk,U,Oxford,,,,,,,,,,,,,,,,,,,,,,,
Oxford Women for Women International Society,,womenforwomen@oxfordhub.org,U,Oxford,,,,,,,,,,,,,,,,,,,,,,,
RAG Ball,,secretary.ragball@ousu.org,U,Oxford,,,,,,,,,,,,,,,,,,,,,,,
RAG Ball 2014,,marketing.ragball@ousu.org,U,Oxford,,,,,,,,,,,,,,,,,,,,,,,
RAG Casino,,casino.manager@ousu.org,U,Oxford,,,,,,,,,,,,,,,,,,,,,,,
RAG Challenge,,rag.events@ousu.org,U,Oxford,,,,,,,,,,,,,,,,,,,,,,,
Schola Cantorum of Oxford,,info@schola-cantorum.net,U,Oxford,,,,,,,,,,,,,,,,,,,,,,,
Schools Plus,,schoolsplusrecruitment@oxfordhub.org,U,Oxford,,,,,,,,,,,,,,,,,,,,,,,
St Hilda's College Ball,,president@hildasball.co.uk,U,Oxford,,,,,,,,,,,,,,,,,,,,,,,
Student Community Wardens,,communitywardens@ousu.org,U,Oxford,,,,,,,,,,,,,,,,,,,,,,,
Target Schools,,target@ousu.org,U,Oxford,,,,,,,,,,,,,,,,,,,,,,,
Oxford AdSoc,,AdSoc@groupspaces.com,U,Oxford,,,,,,,,,,,,,,,,,,,,,,,
The Oxford Singers,,president@oxfordsingers.org,U,Oxford,,,,,,,,,,,,,,,,,,,,,,,
The Oxford University Quidditch Club,,secretary@oxfordquidditch.com,U,Oxford,,,,,,,,,,,,,,,,,,,,,,,
WomCam,,womensofficer@ousu.org,U,Oxford,,,,,,,,,,,,,,,,,,,,,,,
Christians in Sport,,info@christiansinsport.org.uk,U,Oxford,,,,,,,,,,,,,,,,,,,,,,,
Commotio,,info@commotio.org,U,Oxford,,,,,,,,,,,,,,,,,,,,,,,
Oxford 3D Printing Society,,president@oxford3dprintingsociety.com,U,Oxford,,,,,,,,,,,,,,,,,,,,,,,
Oxford Energy Society,,info@energysoc.org,U,Oxford,,,,,,,,,,,,,,,,,,,,,,,
OXRES,,tfsear@m3cp.com,U,Oxford,,,,,,,,,,,,,,,,,,,,,,,
The Oxford Imps,,Harry@oxfordimps.com,U,Oxford,,,,,,,,,,,,,,,,,,,,,,,
