Name,Email,Bounce Check,University,RAG,First Email,From,Reply,Interested,,,,,,,,,,,,,,,,,,
"80,000 Hours",80koxford@gmail.com,passed,Oxford,Yes,27.09.16,Rebecca,,,,,,,,,,,,,,,,,,,,
AIESEC Oxford,oxford@aiesec.co.uk,passed,Oxford,Yes,27.09.16,Rebecca,,,,,,,,,,,,,,,,,,,,
Arcanian Singers,arcadiansingersoxford@gmail.com,passed,Oxford,Yes,27.09.16,Rebecca,,,,,,,,,,,,,,,,,,,,
Attaining the Peak,admin@oxfordatp.org,passed,Oxford,Yes,27.09.16,Rebecca,,,,,,,,,,,,,,,,,,,,
Balliol Choir,balliolchoir@gmail.com,passed,Oxford,Yes,27.09.16,Rebecca,,,,,,,,,,,,,,,,,,,,
Bang! Science Magazine,chairman@ospl.org,passed,Oxford,Yes,27.09.16,Rebecca,,,,,,,,,,,,,,,,,,,,
Board Games Society,ouboardgames@gmail.com,passed,Oxford,Yes,27.09.16,Rebecca,,,,,,,,,,,,,,,,,,,,
C.S. Lewis Society,cslewis.society@studentclubs.ox.ac.uk,passed,Oxford,Yes,27.09.16,Rebecca,,,,,,,,,,,,,,,,,,,,
CapitOx,admin@capitox.co.uk,passed,Oxford,Yes,27.09.16,Rebecca,,,,,,,,,,,,,,,,,,,,
Chabad,info@oxfordchabad.org,passed,Oxford,Yes,27.09.16,Rebecca,,,,,,,,,,,,,,,,,,,,
Cherwell,chairman@ospl.org,passed,Oxford,Yes,27.09.16,Rebecca,,,,,,,,,,,,,,,,,,,,
China Britain Arts Association,bella.oxon@gmail.com,passed,Oxford,Yes,27.09.16,Rebecca,,,,,,,,,,,,,,,,,,,,
Classic & Historic Racing Car Club,chrcc@hotmail.com,passed,Oxford,Yes,27.09.16,Rebecca,,,,,,,,,,,,,,,,,,,,
Codelaborate,hello@codelaborate.org,passed,Oxford,Yes,27.09.16,Rebecca,,,,,,,,,,,,,,,,,,,,
Companions of the Order of Malta,blessed.gerard.opn@gmail.com,passed,Oxford,Yes,27.09.16,Rebecca,,,,,,,,,,,,,,,,,,,,
Cortex Club,Kim.korrell@dpag.ox.ac.uk,passed,Oxford,Yes,27.09.16,Rebecca,,,,,,,,,,,,,,,,,,,,
Crown Christian Student Society,betweenacuppa@yahoo.com,passed,Oxford,Yes,27.09.16,Rebecca,,,,,,,,,,,,,,,,,,,,
Curious Grin Productions,curiousgrinproductions@gmail.com,passed,Oxford,Yes,27.09.16,Rebecca,,,,,,,,,,,,,,,,,,,,
Cymdeithas Dafydd ap Gwilym,cymdeithasydafydd@outlook.com,passed,Oxford,Yes,27.09.16,Rebecca,,,,,,,,,,,,,,,,,,,,
Dot's Funk Odyssey,info@dotsfunkodyssey.com,passed,Oxford,Yes,27.09.16,Rebecca,,,,,,,,,,,,,,,,,,,,
Edgar Wind Society,wind.society@gmail.com,passed,Oxford,Yes,27.09.16,Rebecca,Yes,Yes,,,,,,,,,,,,,,,,,,
Eglesfield Music Society,seweryn.gasiorek-shergold@queens.ox.ac.uk,passed,Oxford,Yes,27.09.16,Rebecca,,,,,,,,,,,,,,,,,,,,
Enactus Oxford,enactusoxford@gmail.com,passed,Oxford,Yes,27.09.16,Rebecca,Yes,No,,,,,,,,,,,,,,,,,,
Energy Institute Oxford,jonathan.ward@some.ox.ac.uk,passed,Oxford,Yes,27.09.16,Rebecca,,,,,,,,,,,,,,,,,,,,
Engineers Without Borders Oxford,kalyan.dutia@exeter.ox.ac.uk,passed,Oxford,Yes,27.09.16,Rebecca,,,,,,,,,,,,,,,,,,,,
Exeter College Chapel Choir,timothy.muggeridge@exeter.ox.ac.uk,passed,Oxford,Yes,27.09.16,Rebecca,,,,,,,,,,,,,,,,,,,,
Faded Ink Productions,fadedinkproductions@gmail.com,passed,Oxford,Yes,27.09.16,Rebecca,,,,,,,,,,,,,,,,,,,,
FELLOW,fellowvolunteers@gmail.com,passed,Oxford,Yes,27.09.16,Rebecca,,,,,,,,,,,,,,,,,,,,
From the Horse's Mouth,fromthehorsesmouth.oxford@gmail.com,passed,Oxford,Yes,27.09.16,Rebecca,,,,,,,,,,,,,,,,,,,,
Giving What We Can: Oxford,benjamin.henshall@wadh.ox.ac.uk,passed,Oxford,Yes,27.09.16,Rebecca,,,,,,,,,,,,,,,,,,,,
Global Brigades Oxford,globalbrigadesoxford@gmail.com,passed,Oxford,Yes,27.09.16,Rebecca,,,,,,,,,,,,,,,,,,,,
Good Lad Initiative,goodladworkshop@gmail.com,passed,Oxford,Yes,27.09.16,Rebecca,,,,,,,,,,,,,,,,,,,,
Graduate Christian Union,oxfordgcu.twitter@gmail.com,passed,Oxford,Yes,27.09.16,Rebecca,,,,,,,,,,,,,,,,,,,,
Hertford Business and Economics Society,olivia.shillabeer@hertford.ox.ac.uk,passed,Oxford,Yes,27.09.16,Rebecca,,,,,,,,,,,,,,,,,,,,
Hertford College Music Society,hertfordmusic@gmail.com,passed,Oxford,Yes,27.09.16,Rebecca,,,,,,,,,,,,,,,,,,,,
In The Pink,itp@hotmail.co.uk,passed,Oxford,Yes,27.09.16,Rebecca,Yes,Yes,,,,,,,,,,,,,,,,,,
Industry Magazine,chairman@ospl.org,passed,Oxford,Yes,27.09.16,Rebecca,,,,,,,,,,,,,,,,,,,,
Introduction to International Development Conference,coordinators@oxfid.org,passed,Oxford,Yes,27.09.16,Rebecca,,,,,,,,,,,,,,,,,,,,
Irish Dancing Society,oxfordirishdancesoc@gmail.com,passed,Oxford,Yes,27.09.16,Rebecca,,,,,,,,,,,,,,,,,,,,
Islamic Banking and Finance Society,oxfordibfs@gmail.com,passed,Oxford,Yes,27.09.16,Rebecca,,,,,,,,,,,,,,,,,,,,
Just Love Oxford,alexander.rattee@some.ox.ac.uk,passed,Oxford,Yes,27.09.16,Rebecca,,,,,,,,,,,,,,,,,,,,
K.O. Krav,oukokrav@gmail.com,passed,Oxford,Yes,27.09.16,Rebecca,,,,,,,,,,,,,,,,,,,,
Keble College Chapel Choir,jacob.ewens@keble.ox.ac.uk,passed,Oxford,Yes,27.09.16,Rebecca,,,,,,,,,,,,,,,,,,,,
KEEN Oxford,keen@keenoxford.org,passed,Oxford,Yes,27.09.16,Rebecca,,,,,,,,,,,,,,,,,,,,
Kids Company,kidsco.oxford@gmail.com,passed,Oxford,Yes,27.09.16,Rebecca,,,,,,,,,,,,,,,,,,,,
Le Cercle Francais,lecerclefrancaisoxford@gmail.com,passed,Oxford,Yes,27.09.16,Rebecca,,,,,,,,,,,,,,,,,,,,
Lincoln College Chapel Choir,joseph.mason@lincoln.ox.ac.uk,passed,Oxford,Yes,27.09.16,Rebecca,,,,,,,,,,,,,,,,,,,,
Magdalen College Music Society,emily.mitchell@magd.ox.ac.uk,passed,Oxford,Yes,27.09.16,Rebecca,,,,,,,,,,,,,,,,,,,,
Magdalen Film Society,magdalenfilmsociety@gmail.com,passed,Oxford,Yes,27.09.16,Rebecca,,,,,,,,,,,,,,,,,,,,
Mirzakhani Society,mirzakhanisociety@gmail.com,passed,Oxford,Yes,27.09.16,Rebecca,,,,,,,,,,,,,,,,,,,,
No Means No Campaign,nmncampaign@outlook.com,passed,Oxford,Yes,27.09.16,Rebecca,,,,,,,,,,,,,,,,,,,,
Oriel College Chapel Choir,emily.essex@oriel.ox.ac.uk,passed,Oxford,Yes,27.09.16,Rebecca,,,,,,,,,,,,,,,,,,,,
Out of the Blue,ootbbusiness@gmail.com,passed,Oxford,Yes,27.09.16,Rebecca,,,,,,,,,,,,,,,,,,,,
Ox Co-op,oxfordfoodcoop@gmail.com,passed,Oxford,Yes,27.09.16,Rebecca,,,,,,,,,,,,,,,,,,,,
OXCAR,oxcar.acapella@gmail.com,passed,Oxford,Yes,27.09.16,Rebecca,,,,,,,,,,,,,,,,,,,,
OxFID,coordinators@oxfid.org,passed,Oxford,Yes,27.09.16,Rebecca,,,,,,,,,,,,,,,,,,,,
Oxford Aerial Dance Society,Natalie@polecatsdance.co.uk,passed,Oxford,Yes,27.09.16,Rebecca,,,,,,,,,,,,,,,,,,,,
Oxford Aid to the Balkans,oxabinfo@gmail.com,passed,Oxford,Yes,27.09.16,Rebecca,,,,,,,,,,,,,,,,,,,,
Oxford Alternatives Investment Management Society,benjamin.lacaille@stb.ox.ac.uk,passed,Oxford,Yes,27.09.16,Rebecca,,,,,,,,,,,,,,,,,,,,
Oxford Anime Vision,oxanimevision@gmail.com,passed,Oxford,Yes,27.09.16,Rebecca,,,,,,,,,,,,,,,,,,,,
Oxford Applied Neuroscience,chung.looi@psy.ox.ac.uk,passed,Oxford,Yes,27.09.16,Rebecca,,,,,,,,,,,,,,,,,,,,
Oxford Baha'i Society,collis@tahzib.co.uk,passed,Oxford,Yes,27.09.16,Rebecca,,,,,,,,,,,,,,,,,,,,
Oxford BJJ,bjjoxford@gmail.com,passed,Oxford,Yes,27.09.16,Rebecca,,,,,,,,,,,,,,,,,,,,
Oxford Broadcasting Association,president@ouba.co.uk,passed,Oxford,Yes,27.09.16,Rebecca,,,,,,,,,,,,,,,,,,,,
Oxford China Forum,yuzhe.gong@jesus.ox.ac.uk,passed,Oxford,Yes,27.09.16,Rebecca,,,,,,,,,,,,,,,,,,,,
Oxford Chinese Innovation Club,fang.li@queens.ox.ac.uk,passed,Oxford,Yes,27.09.16,Rebecca,,,,,,,,,,,,,,,,,,,,
Oxford Chinese International Awareness Society,ox_gg@hotmail.co.uk,passed,Oxford,Yes,27.09.16,Rebecca,,,,,,,,,,,,,,,,,,,,
Oxford Classics Society,james.aung@worc.ox.ac.uk,passed,Oxford,Yes,27.09.16,Rebecca,,,,,,,,,,,,,,,,,,,,
Oxford Climate Society,oxfordclimatesociety@gmail.com,passed,Oxford,Yes,27.09.16,Rebecca,,,,,,,,,,,,,,,,,,,,
Oxford Commas,benjamin.christopher@spc.ox.ac.uk,passed,Oxford,Yes,27.09.16,Rebecca,,,,,,,,,,,,,,,,,,,,
Oxford Communist Corresponding Society,oxford@communistcorrespondingsociety.org,passed,Oxford,Yes,27.09.16,Rebecca,,,,,,,,,,,,,,,,,,,,
Oxford Country Sports Society,oxfordcountrysports@gmail.com,passed,Oxford,Yes,27.09.16,Rebecca,,,,,,,,,,,,,,,,,,,,
Oxford Development Abroad,oda-board@googlegroups.com,passed,Oxford,Yes,27.09.16,Rebecca,,,,,,,,,,,,,,,,,,,,
Oxford Doctor Who Society,whosoc_ctte@maillist.ox.ac.uk,passed,Oxford,Yes,27.09.16,Rebecca,,,,,,,,,,,,,,,,,,,,
Oxford Donors,yoni.stone@pmb.ox.ac.uk,passed,Oxford,Yes,27.09.16,Rebecca,,,,,,,,,,,,,,,,,,,,
Oxford Economics Society,president@oxfordeconsoc.com,passed,Oxford,Yes,27.09.16,Rebecca,,,,,,,,,,,,,,,,,,,,
Oxford Education Partnerships Africa,eleanor.moodey@new.ox.ac.uk,passed,Oxford,Yes,27.09.16,Rebecca,,,,,,,,,,,,,,,,,,,,
Oxford Entrepreneurs,alex.davies@oxfordentrepreneurs.co.uk,passed,Oxford,Yes,27.09.16,Rebecca,,,,,,,,,,,,,,,,,,,,
Oxford Finance Society,president@oxfordfinance.org,passed,Oxford,Yes,27.09.16,Rebecca,,,,,,,,,,,,,,,,,,,,
Oxford Gamelan Society,johnguypusey@hotmail.com,passed,Oxford,Yes,27.09.16,Rebecca,,,,,,,,,,,,,,,,,,,,
Oxford German Network,ogn@mod-langs.ox.ac.uk,passed,Oxford,Yes,27.09.16,Rebecca,,,,,,,,,,,,,,,,,,,,
Oxford Global Health Group,secretary@oxfordghg.co.uk,passed,Oxford,Yes,27.09.16,Rebecca,,,,,,,,,,,,,,,,,,,,
Oxford Guild of Assassins,umpire@oxfordassassinsguild.org.uk,passed,Oxford,Yes,27.09.16,Rebecca,,,,,,,,,,,,,,,,,,,,
Oxford Hands On Science,corinna.kulicke@seh.ox.ac.uk,passed,Oxford,Yes,27.09.16,Rebecca,,,,,,,,,,,,,,,,,,,,
Oxford History Graduate Network,admin@ohgn.org,passed,Oxford,Yes,27.09.16,Rebecca,,,,,,,,,,,,,,,,,,,,
Oxford Hungarian Society,mail@hungsoc.com,passed,Oxford,Yes,27.09.16,Rebecca,,,,,,,,,,,,,,,,,,,,
Oxford India Society,indian.society@studentclubs.ox.ac.uk,passed,Oxford,Yes,27.09.16,Rebecca,,,,,,,,,,,,,,,,,,,,
Oxford Indian Classical Arts Society,oxfordindianarts@gmail.com,passed,Oxford,Yes,27.09.16,Rebecca,,,,,,,,,,,,,,,,,,,,
Oxford Inter-Collegiate Christian Union,david.holt@seh.ox.ac.uk,passed,Oxford,Yes,27.09.16,Rebecca,,,,,,,,,,,,,,,,,,,,
Oxford Islamic Society,ouisoc.mail@gmail.com,passed,Oxford,Yes,27.09.16,Rebecca,,,,,,,,,,,,,,,,,,,,
Oxford Lancers American Football Club,george.fountain@oriel.ox.ac.uk,passed,Oxford,Yes,27.09.16,Rebecca,,,,,,,,,,,,,,,,,,,,
Oxford Latin American Society,president@oxford-las.org,passed,Oxford,Yes,27.09.16,Rebecca,,,,,,,,,,,,,,,,,,,,
Oxford Lawyers Without Borders,timothy.yap@bnc.ox.ac.uk,passed,Oxford,Yes,27.09.16,Rebecca,,,,,,,,,,,,,,,,,,,,
Oxford Lindy Hoppers,oxfordlindyhoppers@gmail.com,passed,Oxford,Yes,27.09.16,Rebecca,,,,,,,,,,,,,,,,,,,,
Oxford Magic Society,oxmagicsoc@gmail.com,passed,Oxford,Yes,27.09.16,Rebecca,,,,,,,,,,,,,,,,,,,,
Oxford Marrow,oxfordmarrow@gmail.com,passed,Oxford,Yes,27.09.16,Rebecca,,,,,,,,,,,,,,,,,,,,
Oxford Marxists,oxfordmarxists@gmail.com,passed,Oxford,Yes,27.09.16,Rebecca,,,,,,,,,,,,,,,,,,,,
Oxford Media Society,oxfordmediasoc@gmail.com,passed,Oxford,Yes,27.09.16,Rebecca,,,,,,,,,,,,,,,,,,,,
Oxford Mexican Society,oxford.mexsoc@gmail.com,passed,Oxford,Yes,27.09.16,Rebecca,,,,,,,,,,,,,,,,,,,,
Oxford Microfinance Initiative,contact@oxfordmicro.org,passed,Oxford,Yes,27.09.16,Rebecca,,,,,,,,,,,,,,,,,,,,
Oxford Millenium Orchestra,oxford.millennium.orchestra@gmail.com,passed,Oxford,Yes,27.09.16,Rebecca,,,,,,,,,,,,,,,,,,,,
Oxford Muse Society,oxford.muse.society@gmail.com,passed,Oxford,Yes,27.09.16,Rebecca,,,,,,,,,,,,,,,,,,,,
Oxford Nightline,coords@oxfordnightline.org,passed,Oxford,Yes,27.09.16,Rebecca,,,,,,,,,,,,,,,,,,,,
Oxford Open Orchestra,thomas.gammage@sjc.ox.ac.uk,passed,Oxford,Yes,27.09.16,Rebecca,,,,,,,,,,,,,,,,,,,,
Oxford Orthodox Christian Student Society,ouorthosoc@gmail.com,passed,Oxford,Yes,27.09.16,Rebecca,,,,,,,,,,,,,,,,,,,,
Oxford Pink Week,oxfordpinkweek@gmail.com,passed,Oxford,Yes,27.09.16,Rebecca,,,,,,,,,,,,,,,,,,,,
Oxford Pokemon Society,oupokes@gmail.com,passed,Oxford,Yes,27.09.16,Rebecca,,,,,,,,,,,,,,,,,,,,
Oxford PPE Society,president@ppesoc.org,passed,Oxford,Yes,27.09.16,Rebecca,,,,,,,,,,,,,,,,,,,,
Oxford Quakers,madeleine.ward@wolfson.ox.ac.uk,passed,Oxford,Yes,27.09.16,Rebecca,,,,,,,,,,,,,,,,,,,,
Oxford Revue,oxrevue@gmail.com,passed,Oxford,Yes,27.09.16,Rebecca,,,,,,,,,,,,,,,,,,,,
Oxford Romance,cupid@ruo3.org,passed,Oxford,Yes,27.09.16,Rebecca,,,,,,,,,,,,,,,,,,,,
Oxford rs21,rs21students.oxford@gmail.com,passed,Oxford,Yes,27.09.16,Rebecca,,,,,,,,,,,,,,,,,,,,
Oxford Scandinavian Society,oxfordscansoc@gmail.com,passed,Oxford,Yes,27.09.16,Rebecca,,,,,,,,,,,,,,,,,,,,
Oxford Scottish Society,rory.irwin@st-annes.ox.ac.uk,passed,Oxford,Yes,27.09.16,Rebecca,,,,,,,,,,,,,,,,,,,,
Oxford Sikh Society,oxford.sikhsoc@gmail.com,passed,Oxford,Yes,27.09.16,Rebecca,,,,,,,,,,,,,,,,,,,,
Oxford Solidarity for Syria,oxfordsolidarityforsyria@gmail.com,passed,Oxford,Yes,27.09.16,Rebecca,,,,,,,,,,,,,,,,,,,,
Oxford South Slavic Society,tonci.ivanisevic@trinity.ox.ac.uk,passed,Oxford,Yes,27.09.16,Rebecca,,,,,,,,,,,,,,,,,,,,
Oxford Star Trek Society,callum.spiller@pmb.ox.ac.uk,passed,Oxford,Yes,27.09.16,Rebecca,,,,,,,,,,,,,,,,,,,,
Oxford Strategy Group,info@oxfordstrategygroup.com,passed,Oxford,Yes,27.09.16,Rebecca,,,,,,,,,,,,,,,,,,,,
Oxford Student Food Cooperative,oxfordfoodcoop@gmail.com,passed,Oxford,Yes,27.09.16,Rebecca,,,,,,,,,,,,,,,,,,,,
Oxford Student Go Society,toby.cathcartburn@merton.ox.ac.uk,passed,Oxford,Yes,27.09.16,Rebecca,,,,,,,,,,,,,,,,,,,,
Oxford Student Green Party,oxfordstudentgreens@gmail.com,passed,Oxford,Yes,27.09.16,Rebecca,,,,,,,,,,,,,,,,,,,,
Oxford Student Mindfulness Society,oxfordstudentmindfulnesssoc@gmail.com,passed,Oxford,Yes,27.09.16,Rebecca,,,,,,,,,,,,,,,,,,,,
Oxford Student Minds,oxford@studentminds.org.uk,passed,Oxford,Yes,27.09.16,Rebecca,,,,,,,,,,,,,,,,,,,,
Oxford Student Publications Ltd.,chairman@ospl.org,passed,Oxford,Yes,27.09.16,Rebecca,,,,,,,,,,,,,,,,,,,,
Oxford Students for Animals,benjamin.jarvis@keble.ox.ac.uk,passed,Oxford,Yes,27.09.16,Rebecca,,,,,,,,,,,,,,,,,,,,
Oxford Students for Liberty,lucinda.chamberlain@bnc.ox.ac.uk,passed,Oxford,Yes,27.09.16,Rebecca,,,,,,,,,,,,,,,,,,,,
Oxford Students for Life,studentsforlife.oxford@gmail.com,passed,Oxford,Yes,27.09.16,Rebecca,,,,,,,,,,,,,,,,,,,,
Oxford Students' Oxfam Group,megan.park@hertford.ox.ac.uk,passed,Oxford,Yes,27.09.16,Rebecca,,,,,,,,,,,,,,,,,,,,
Oxford Students' Palestine Society,palsocoxford@gmail.com,passed,Oxford,Yes,27.09.16,Rebecca,,,,,,,,,,,,,,,,,,,,
Oxford TEACH,oxforduniversity.teach@gmail.com,passed,Oxford,Yes,27.09.16,Rebecca,,,,,,,,,,,,,,,,,,,,
Oxford Teach Green,oxfordteachgreen@gmail.com,passed,Oxford,Yes,27.09.16,Rebecca,,,,,,,,,,,,,,,,,,,,
Oxford Thai Society,thitapa.haritaworn@balliol.ox.ac.uk,passed,Oxford,Yes,27.09.16,Rebecca,,,,,,,,,,,,,,,,,,,,
Oxford Theology Society,info@oxfordtheologysociety.co.uk,passed,Oxford,Yes,27.09.16,Rebecca,,,,,,,,,,,,,,,,,,,,
Oxford Travel Society,oxfordtravelsociety@gmail.com,passed,Oxford,Yes,27.09.16,Rebecca,,,,,,,,,,,,,,,,,,,,
Oxford UCU,ucu@ox.ac.uk,passed,Oxford,Yes,27.09.16,Rebecca,,,,,,,,,,,,,,,,,,,,
Oxford Unicef on Campus,oxfordunicef2014@gmail.com,passed,Oxford,Yes,27.09.16,Rebecca,,,,,,,,,,,,,,,,,,,,
Oxford Union,enquiries@oxford-union.org,passed,Oxford,Yes,27.09.16,Rebecca,,,,,,,,,,,,,,,,,,,,
Oxford University Africa Society,africa.society@studentclubs.ox.ac.uk,passed,Oxford,Yes,27.09.16,Rebecca,,,,,,,,,,,,,,,,,,,,
Oxford University Arab Cultural Society,omar.shweiki@balliol.ox.ac.uk,passed,Oxford,Yes,27.09.16,Rebecca,,,,,,,,,,,,,,,,,,,,
Oxford University Archaeological Society,gonzalo.linaresmatas@st-hughs.ox.ac.uk,passed,Oxford,Yes,27.09.16,Rebecca,,,,,,,,,,,,,,,,,,,,
Oxford University Asia-Pacific Society,william.ip@pmb.ox.ac.uk,passed,Oxford,Yes,27.09.16,Rebecca,,,,,,,,,,,,,,,,,,,,
Oxford University Australian Rules Football Club,eugene.duff@ndcn.ox.ac.uk,passed,Oxford,Yes,27.09.16,Rebecca,,,,,,,,,,,,,,,,,,,,
Oxford University Austrian Society,oxford.austriansociety@gmail.com,passed,Oxford,Yes,27.09.16,Rebecca,,,,,,,,,,,,,,,,,,,,
Oxford University Badminton Club,christopher.lim@univ.ox.ac.uk,passed,Oxford,Yes,27.09.16,Rebecca,,,,,,,,,,,,,,,,,,,,
Oxford University Ballet Society,ouballet@yahoo.co.uk,passed,Oxford,Yes,27.09.16,Rebecca,,,,,,,,,,,,,,,,,,,,
Oxford University Bangladesh Society,khaleque@maths.ox.ac.uk,passed,Oxford,Yes,27.09.16,Rebecca,,,,,,,,,,,,,,,,,,,,
Oxford University Basketball Club,oubbcprrep@gmail.com,passed,Oxford,Yes,27.09.16,Rebecca,,,,,,,,,,,,,,,,,,,,
Oxford University Belgo-Luxembourgish Society,oxforduniversitybelgoluxsoc@gmail.com,passed,Oxford,Yes,27.09.16,Rebecca,,,,,,,,,,,,,,,,,,,,
Oxford University Biological Society,oxfordbiologicalsoc@gmail.com,passed,Oxford,Yes,27.09.16,Rebecca,,,,,,,,,,,,,,,,,,,,
Oxford University Blind Tasting Society,oxfordblindtasting@gmail.com,passed,Oxford,Yes,27.09.16,Rebecca,,,,,,,,,,,,,,,,,,,,
Oxford University Board Game Society,ouboardgames@gmail.com,passed,Oxford,Yes,27.09.16,Rebecca,,,,,,,,,,,,,,,,,,,,
Oxford University Brass Band,oubrass@oums.org,passed,Oxford,Yes,27.09.16,Rebecca,,,,,,,,,,,,,,,,,,,,
Oxford University Brazilian Society,brazilian.society@studentclubs.ox.ac.uk,passed,Oxford,Yes,27.09.16,Rebecca,,,,,,,,,,,,,,,,,,,,
Oxford University Canoe and Kayak Club,canoe-kayak.club@studentclubs.ox.ac.uk,passed,Oxford,Yes,27.09.16,Rebecca,,,,,,,,,,,,,,,,,,,,
Oxford University Caving Club,john.williams@pmb.ox.ac.uk,passed,Oxford,Yes,27.09.16,Rebecca,,,,,,,,,,,,,,,,,,,,
Oxford University Ceilidh Band,oxfordceilidhband@gmail.com,passed,Oxford,Yes,27.09.16,Rebecca,,,,,,,,,,,,,,,,,,,,
Oxford University Cheerleading Club,emilie.heddle@st-hughs.ox.ac.uk,passed,Oxford,Yes,27.09.16,Rebecca,,,,,,,,,,,,,,,,,,,,
Oxford University Chemistry Society,ouchemsoc@gmail.com,passed,Oxford,Yes,27.09.16,Rebecca,,,,,,,,,,,,,,,,,,,,
Oxford University Chess Club,chess.society@studentclubs.ox.ac.uk,passed,Oxford,Yes,27.09.16,Rebecca,,,,,,,,,,,,,,,,,,,,
Oxford University Chinese Society,oucs.general@gmail.com,passed,Oxford,Yes,27.09.16,Rebecca,,,,,,,,,,,,,,,,,,,,
Oxford University Company of Archers,president@oucofa.com,passed,Oxford,Yes,27.09.16,Rebecca,,,,,,,,,,,,,,,,,,,,
Oxford University Computer Society,committee@ox.compsoc.net,passed,Oxford,Yes,27.09.16,Rebecca,,,,,,,,,,,,,,,,,,,,
Oxford University Conservative Association,jan.nedvidek@chch.ox.ac.uk,passed,Oxford,Yes,27.09.16,Rebecca,,,,,,,,,,,,,,,,,,,,
Oxford University Contract Bridge Association,peter.banks@worc.ox.ac.uk,passed,Oxford,Yes,27.09.16,Rebecca,,,,,,,,,,,,,,,,,,,,
Oxford University Croquet Club,croquet.club@studentclubs.ox.ac.uk,passed,Oxford,Yes,27.09.16,Rebecca,,,,,,,,,,,,,,,,,,,,
Oxford University Cross Country Club,alexander.howard@chch.ox.ac.uk,passed,Oxford,Yes,27.09.16,Rebecca,,,,,,,,,,,,,,,,,,,,
Oxford University Cycling Club,christopher.ricketts@wadh.ox.ac.uk,passed,Oxford,Yes,27.09.16,Rebecca,,,,,,,,,,,,,,,,,,,,
Oxford University Czech and Slovak Society,oucss.oxford@gmail.com,passed,Oxford,Yes,27.09.16,Rebecca,,,,,,,,,,,,,,,,,,,,
Oxford University Disability Mooting Championship,luke.rostill@law.ox.ac.uk,passed,Oxford,Yes,27.09.16,Rebecca,,,,,,,,,,,,,,,,,,,,
Oxford University DodgeBall Club,oudodgeball@gmail.com,passed,Oxford,Yes,27.09.16,Rebecca,,,,,,,,,,,,,,,,,,,,
Oxford University eSports Society,martin.miklos@st-hughs.ox.ac.uk,passed,Oxford,Yes,27.09.16,Rebecca,,,,,,,,,,,,,,,,,,,,
Oxford University European Affairs Society,daniel.bayliss@trinity.ox.ac.uk,passed,Oxford,Yes,27.09.16,Rebecca,,,,,,,,,,,,,,,,,,,,
Oxford University Fencing Club,president@oufencing.co.uk,passed,Oxford,Yes,27.09.16,Rebecca,,,,,,,,,,,,,,,,,,,,
Oxford University French Society,oxufrenchsociety@gmail.com,passed,Oxford,Yes,27.09.16,Rebecca,,,,,,,,,,,,,,,,,,,,
Oxford University Gilbert and Sullivan Society,president@ougss.org,passed,Oxford,Yes,27.09.16,Rebecca,,,,,,,,,,,,,,,,,,,,
Oxford University Greek Society,greek.society@studentclubs.ox.ac.uk,passed,Oxford,Yes,27.09.16,Rebecca,,,,,,,,,,,,,,,,,,,,
Oxford University Gregorian Chant Society,oxfordgregorianchant@gmail.com,passed,Oxford,Yes,27.09.16,Rebecca,,,,,,,,,,,,,,,,,,,,
Oxford University Gymnastics Club,elizabeth.andrew@univ.ox.ac.uk,passed,Oxford,Yes,27.09.16,Rebecca,,,,,,,,,,,,,,,,,,,,
Oxford University Hacky Sack Society,mayur.pant@cs.ox.ac.uk,passed,Oxford,Yes,27.09.16,Rebecca,,,,,,,,,,,,,,,,,,,,
Oxford University Handball Club,unimai@hotmail.com,passed,Oxford,Yes,27.09.16,Rebecca,,,,,,,,,,,,,,,,,,,,
Oxford University Harry Potter Society,sean.loveridge@new.ox.ac.uk,passed,Oxford,Yes,27.09.16,Rebecca,,,,,,,,,,,,,,,,,,,,
Oxford University Historical Reenactment Society,conor.cooper@wadh.ox.ac.uk,passed,Oxford,Yes,27.09.16,Rebecca,,,,,,,,,,,,,,,,,,,,
Oxford University History Society,elizabeth.chittenden@chch.ox.ac.uk,passed,Oxford,Yes,27.09.16,Rebecca,,,,,,,,,,,,,,,,,,,,
Oxford University Hong Kong Society,president@ouhks.com,passed,Oxford,Yes,27.09.16,Rebecca,,,,,,,,,,,,,,,,,,,,
Oxford University Ice Hockey Club,ouihcpres@gmail.com,passed,Oxford,Yes,27.09.16,Rebecca,,,,,,,,,,,,,,,,,,,,
Oxford University Indonesia Society,oxfordindonesiasociety@gmail.com,passed,Oxford,Yes,27.09.16,Rebecca,,,,,,,,,,,,,,,,,,,,
Oxford University Italian Society,italy.society@studentclubs.ox.ac.uk,passed,Oxford,Yes,27.09.16,Rebecca,,,,,,,,,,,,,,,,,,,,
Oxford University Jazz Society,jazz.society@studentclubs.ox.ac.uk,passed,Oxford,Yes,27.09.16,Rebecca,,,,,,,,,,,,,,,,,,,,
Oxford University Karate Club,isabel.thomlinson@lmh.ox.ac.uk,passed,Oxford,Yes,27.09.16,Rebecca,,,,,,,,,,,,,,,,,,,,
Oxford University Kendo Club,oxfordkendo@gmail.com,passed,Oxford,Yes,27.09.16,Rebecca,,,,,,,,,,,,,,,,,,,,
Oxford University Kickboxing Club,oxfordunikickboxing@gmail.com,passed,Oxford,Yes,27.09.16,Rebecca,,,,,,,,,,,,,,,,,,,,
Oxford University Labour Club,oxunilabour@gmail.com,passed,Oxford,Yes,27.09.16,Rebecca,,,,,,,,,,,,,,,,,,,,
Oxford University Lacrosse Club,alice.jamison@some.ox.ac.uk,passed,Oxford,Yes,27.09.16,Rebecca,,,,,,,,,,,,,,,,,,,,
Oxford University Lawn Tennis Club,zebedee.nicholls@sjc.ox.ac.uk,passed,Oxford,Yes,27.09.16,Rebecca,,,,,,,,,,,,,,,,,,,,
Oxford University LDS Student Association,oxfordldssa@gmail.com,passed,Oxford,Yes,27.09.16,Rebecca,,,,,,,,,,,,,,,,,,,,
Oxford University LGBTQ Society,enquiries@oulgbtsoc.org.uk,passed,Oxford,Yes,27.09.16,Rebecca,,,,,,,,,,,,,,,,,,,,
Oxford University Liberal Democrats,matthew.sumption@chch.ox.ac.uk,passed,Oxford,Yes,27.09.16,Rebecca,,,,,,,,,,,,,,,,,,,,
Oxford University Lifesaving Club,president@oulsc.org.uk,passed,Oxford,Yes,27.09.16,Rebecca,,,,,,,,,,,,,,,,,,,,
Oxford University Light Entertainment Society,president@oules.lightentertainment.org,passed,Oxford,Yes,27.09.16,Rebecca,,,,,,,,,,,,,,,,,,,,
Oxford University Malaysian and Singapore Students Association,president@oumssa.org,passed,Oxford,Yes,27.09.16,Rebecca,,,,,,,,,,,,,,,,,,,,
Oxford University Management Society,oums2015comm@gmail.com,passed,Oxford,Yes,27.09.16,Rebecca,,,,,,,,,,,,,,,,,,,,
Oxford University Modern Pentathlon Association,president@oxfordpentathlon.org,passed,Oxford,Yes,27.09.16,Rebecca,,,,,,,,,,,,,,,,,,,,
Oxford University Morris Men,squire@am39.com,passed,Oxford,Yes,27.09.16,Rebecca,,,,,,,,,,,,,,,,,,,,
Oxford University Music Society,secretary@oums.org,passed,Oxford,Yes,27.09.16,Rebecca,,,,,,,,,,,,,,,,,,,,
Oxford University Musical Theatre Society,stefano.marchesani@wadh.ox.ac.uk,passed,Oxford,Yes,27.09.16,Rebecca,,,,,,,,,,,,,,,,,,,,
Oxford University Netball Club,victoria.james@queens.ox.ac.uk,passed,Oxford,Yes,27.09.16,Rebecca,,,,,,,,,,,,,,,,,,,,
Oxford University Numismatic Society,kim.zhang@wadh.ox.ac.uk,passed,Oxford,Yes,27.09.16,Rebecca,,,,,,,,,,,,,,,,,,,,
Oxford University Octopush Club,lennard.lee@queens.ox.ac.uk,passed,Oxford,Yes,27.09.16,Rebecca,,,,,,,,,,,,,,,,,,,,
Oxford University Pakistan Society,secretary@oupaksoc.net,passed,Oxford,Yes,27.09.16,Rebecca,,,,,,,,,,,,,,,,,,,,
Oxford University Photography Society,photographic.society@studentclubs.ox.ac.uk,passed,Oxford,Yes,27.09.16,Rebecca,,,,,,,,,,,,,,,,,,,,
Oxford University Physics Society,oups.committee@gmail.com,passed,Oxford,Yes,27.09.16,Rebecca,,,,,,,,,,,,,,,,,,,,
Oxford University Pistol Club,captain@oupc.co.uk,passed,Oxford,Yes,27.09.16,Rebecca,,,,,,,,,,,,,,,,,,,,
Oxford University Poetry Society,oxforduniversitypoetrysociety@gmail.com,passed,Oxford,Yes,27.09.16,Rebecca,,,,,,,,,,,,,,,,,,,,
Oxford University Polish Society,michal.karolak@magd.ox.ac.uk,passed,Oxford,Yes,27.09.16,Rebecca,,,,,,,,,,,,,,,,,,,,
Oxford University Polo Club,polo.club@studentclubs.ox.ac.uk,passed,Oxford,Yes,27.09.16,Rebecca,,,,,,,,,,,,,,,,,,,,
Oxford University Pool and Snooker Club,oupsc-president@hotmail.com,passed,Oxford,Yes,27.09.16,Rebecca,,,,,,,,,,,,,,,,,,,,
Oxford University Portuguese Society,maria.sousafialho@wadh.ox.ac.uk,passed,Oxford,Yes,27.09.16,Rebecca,,,,,,,,,,,,,,,,,,,,
Oxford University Psychology Society,sophie.waldron@ccc.ox.ac.uk,passed,Oxford,Yes,27.09.16,Rebecca,,,,,,,,,,,,,,,,,,,,
Oxford University Quiz Society,quiz.society@studentclubs.ox.ac.uk,passed,Oxford,Yes,27.09.16,Rebecca,,,,,,,,,,,,,,,,,,,,
Oxford University Rock and Metal Society,rock.society@studentclubs.ox.ac.uk,passed,Oxford,Yes,27.09.16,Rebecca,,,,,,,,,,,,,,,,,,,,
Oxford University Role Playing Games Society,matilda.tempest@mansfield.ox.ac.uk,passed,Oxford,Yes,27.09.16,Rebecca,,,,,,,,,,,,,,,,,,,,
Oxford University Romanian Society,ana.casapopol@balliol.ox.ac.uk,passed,Oxford,Yes,27.09.16,Rebecca,,,,,,,,,,,,,,,,,,,,
Oxford University Rubgy League Football Club,ourlfc.rugbyleague@gmail.com,passed,Oxford,Yes,27.09.16,Rebecca,,,,,,,,,,,,,,,,,,,,
Oxford University Rugby Fives Club,nicholas.whitney@magd.ox.ac.uk,passed,Oxford,Yes,27.09.16,Rebecca,,,,,,,,,,,,,,,,,,,,
Oxford University Russian Society,press.ours@gmail.com,passed,Oxford,Yes,27.09.16,Rebecca,,,,,,,,,,,,,,,,,,,,
Oxford University Salsa Society,info@ouss.co.uk,passed,Oxford,Yes,27.09.16,Rebecca,,,,,,,,,,,,,,,,,,,,
Oxford University Scientific Society,scientific.society@studentclubs.ox.ac.uk,passed,Oxford,Yes,27.09.16,Rebecca,,,,,,,,,,,,,,,,,,,,
Oxford University Scottish Dance Society,scottish.dance@studentclubs.ox.ac.uk,passed,Oxford,Yes,27.09.16,Rebecca,,,,,,,,,,,,,,,,,,,,
Oxford University Scout and Guide Group,chair@ousgg.org.uk,passed,Oxford,Yes,27.09.16,Rebecca,,,,,,,,,,,,,,,,,,,,
Oxford University Ski and Snowboard Club,elysia.hannaford@jesus.ox.ac.uk,passed,Oxford,Yes,27.09.16,Rebecca,,,,,,,,,,,,,,,,,,,,
Oxford University Society of Bibliophiles,oxford.bibliophiles@gmail.com,passed,Oxford,Yes,27.09.16,Rebecca,,,,,,,,,,,,,,,,,,,,
Oxford University Society of Biomedical Sciences,ousbms@gmail.com,passed,Oxford,Yes,27.09.16,Rebecca,,,,,,,,,,,,,,,,,,,,
Oxford University Society of Change Ringers,isobel.fray@merton.ox.ac.uk,passed,Oxford,Yes,27.09.16,Rebecca,,,,,,,,,,,,,,,,,,,,
Oxford University Space and Astronomy Society,space.society@studentclubs.ox.ac.uk,passed,Oxford,Yes,27.09.16,Rebecca,,,,,,,,,,,,,,,,,,,,
Oxford University Spanish Society,william.carter@st-annes.ox.ac.uk,passed,Oxford,Yes,27.09.16,Rebecca,,,,,,,,,,,,,,,,,,,,
Oxford University Speculative Fiction Group,ousfg.society@studentclubs.ox.ac.uk,passed,Oxford,Yes,27.09.16,Rebecca,,,,,,,,,,,,,,,,,,,,
Oxford University Student PEN,oxfordstudentpen@gmail.com,passed,Oxford,Yes,27.09.16,Rebecca,,,,,,,,,,,,,,,,,,,,
Oxford University Surf Club,ousurf@gmail.com,passed,Oxford,Yes,27.09.16,Rebecca,,,,,,,,,,,,,,,,,,,,
Oxford University Symphonic Band,oxford-symphonic-band@googlegroups.com,passed,Oxford,Yes,27.09.16,Rebecca,,,,,,,,,,,,,,,,,,,,
Oxford University Table Tennis Club,oxforduniversityttc@gmail.com,passed,Oxford,Yes,27.09.16,Rebecca,,,,,,,,,,,,,,,,,,,,
Oxford University Taijiquan Association Club,jennifer.handsel@stx.ox.ac.uk,passed,Oxford,Yes,27.09.16,Rebecca,,,,,,,,,,,,,,,,,,,,
Oxford University Theatre Technicians and Designers,webmaster@tabsareforflying.co.uk,passed,Oxford,Yes,27.09.16,Rebecca,,,,,,,,,,,,,,,,,,,,
Oxford University Trading Card Game Society,joe_buckwell@hotmail.co.uk,passed,Oxford,Yes,27.09.16,Rebecca,,,,,,,,,,,,,,,,,,,,
Oxford University Triathlon Club,sam.skillcorn@jesus.ox.ac.uk,passed,Oxford,Yes,27.09.16,Rebecca,,,,,,,,,,,,,,,,,,,,
Oxford University Turkish Society,turkish.society@studentclubs.ox.ac.uk,passed,Oxford,Yes,27.09.16,Rebecca,,,,,,,,,,,,,,,,,,,,
Oxford University Ukrainian Society,president@ukrainianoxford.org,passed,Oxford,Yes,27.09.16,Rebecca,,,,,,,,,,,,,,,,,,,,
Oxford University Ultimate Club,oxforduniultimate@gmail.com,passed,Oxford,Yes,27.09.16,Rebecca,,,,,,,,,,,,,,,,,,,,
Oxford University Underwater Exploration Club,ouueg.oxford@gmail.com,passed,Oxford,Yes,27.09.16,Rebecca,,,,,,,,,,,,,,,,,,,,
Oxford University United Nations Association,president@ouuna.co.uk,passed,Oxford,Yes,27.09.16,Rebecca,,,,,,,,,,,,,,,,,,,,
Oxford University Volleyball,president@ouvc.net,passed,Oxford,Yes,27.09.16,Rebecca,,,,,,,,,,,,,,,,,,,,
Oxford University Walking Club,president@ouwc.org,passed,Oxford,Yes,27.09.16,Rebecca,,,,,,,,,,,,,,,,,,,,
Oxford University Water Polo Club,ouwpc.pres@gmail.com,passed,Oxford,Yes,27.09.16,Rebecca,,,,,,,,,,,,,,,,,,,,
Oxford University Windsurfing Club,windsurfcommittee@maillist.ox.ac.uk,passed,Oxford,Yes,27.09.16,Rebecca,,,,,,,,,,,,,,,,,,,,
Oxford University Wine Circle,ouwc.committee@gmail.com,passed,Oxford,Yes,27.09.16,Rebecca,,,,,,,,,,,,,,,,,,,,
Oxford University Women's Association Football Club,helen.bridgman@st-hughs.ox.ac.uk,passed,Oxford,Yes,27.09.16,Rebecca,,,,,,,,,,,,,,,,,,,,
Oxford University Women's Rugby Union Club,ouwrfcblues@gmail.com,passed,Oxford,Yes,27.09.16,Rebecca,,,,,,,,,,,,,,,,,,,,
Oxford University Yacht Club,vice-commodore@ouyc.co.uk,passed,Oxford,Yes,27.09.16,Rebecca,,,,,,,,,,,,,,,,,,,,
Oxford VegSoc,oxfordvegsoc@gmail.com,passed,Oxford,Yes,27.09.16,Rebecca,,,,,,,,,,,,,,,,,,,,
Oxford Women in Business,oxfordwomeninbusiness@gmail.com,passed,Oxford,Yes,27.09.16,Rebecca,,,,,,,,,,,,,,,,,,,,
Oxford World Music Society,vincent.ooi@trinity.ox.ac.uk,passed,Oxford,Yes,27.09.16,Rebecca,,,,,,,,,,,,,,,,,,,,
Oxford Young Independence,ukipoxford@icloud.com,passed,Oxford,Yes,27.09.16,Rebecca,,,,,,,,,,,,,,,,,,,,
Oxford Zumba Society,t.moore@oxon.org,passed,Oxford,Yes,27.09.16,Rebecca,,,,,,,,,,,,,,,,,,,,
Oxford-India Health Research Network,premjith.cheruvath@georgeinstitute.ox.ac.uk,passed,Oxford,Yes,27.09.16,Rebecca,,,,,,,,,,,,,,,,,,,,
OxFund,hello.oxfund@gmail.com,passed,Oxford,Yes,27.09.16,Rebecca,,,,,,,,,,,,,,,,,,,,
Oxide Radio,oxide.stationmanager@gmail.com,passed,Oxford,Yes,27.09.16,Rebecca,,,,,,,,,,,,,,,,,,,,
OxPASS,oxpass.hk@gmail.com,passed,Oxford,Yes,27.09.16,Rebecca,,,,,,,,,,,,,,,,,,,,
OxPolicy,director@oxpolicy.co.uk,passed,Oxford,Yes,27.09.16,Rebecca,,,,,,,,,,,,,,,,,,,,
Pathways to Law,pathwaystolaw@admin.ox.ac.uk,passed,Oxford,Yes,27.09.16,Rebecca,,,,,,,,,,,,,,,,,,,,
Pembroke College JCR Music & Drama,callum.spiller@pmb.ox.ac.uk,passed,Oxford,Yes,27.09.16,Rebecca,,,,,,,,,,,,,,,,,,,,
PRAYOG,prayogeducation@gmail.com,passed,Oxford,Yes,27.09.16,Rebecca,,,,,,,,,,,,,,,,,,,,
Public Health Film Society,publichealthfilmsociety@gmail.com,passed,Oxford,Yes,27.09.16,Rebecca,,,,,,,,,,,,,,,,,,,,
Red Cross on Campus,daniel.zajarias-fainsod@wadh.ox.ac.uk,passed,Oxford,Yes,27.09.16,Rebecca,,,,,,,,,,,,,,,,,,,,
Sexpression Oxford,oxford@sexpression.org.uk,passed,Oxford,Yes,27.09.16,Rebecca,,,,,,,,,,,,,,,,,,,,
Skin Deep,skindeepoxford@gmail.com,passed,Oxford,Yes,27.09.16,Rebecca,,,,,,,,,,,,,,,,,,,,
SMV Students,university.church@ox.ac.uk,passed,Oxford,Yes,27.09.16,Rebecca,,,,,,,,,,,,,,,,,,,,
Socialist Worker Student Society,swss@swp.org.uk,passed,Oxford,Yes,27.09.16,Rebecca,,,,,,,,,,,,,,,,,,,,
Society of Alternate Events,sara.tor@st-hildas.ox.ac.uk,passed,Oxford,Yes,27.09.16,Rebecca,,,,,,,,,,,,,,,,,,,,
Socrates Society,william.brown@seh.ox.ac.uk,passed,Oxford,Yes,27.09.16,Rebecca,,,,,,,,,,,,,,,,,,,,
SOUP,oxford.ukulele@gmail.com,passed,Oxford,Yes,27.09.16,Rebecca,,,,,,,,,,,,,,,,,,,,
Splash at Oxford,oxfordsplash@gmail.com,passed,Oxford,Yes,27.09.16,Rebecca,,,,,,,,,,,,,,,,,,,,
Spleen,spleenoxfordliteraryjournal@gmail.com,passed,Oxford,Yes,27.09.16,Rebecca,,,,,,,,,,,,,,,,,,,,
St John Ambulance - Oxford LINKS Unit,oliviajaynesharp@gmail.com,passed,Oxford,Yes,27.09.16,Rebecca,,,,,,,,,,,,,,,,,,,,
Student Parents,parentsandcarers@ousu.ox.ac.uk,passed,Oxford,Yes,27.09.16,Rebecca,,,,,,,,,,,,,,,,,,,,
Students Supporting Street Kids,ssskoxford@gmail.com,passed,Oxford,Yes,27.09.16,Rebecca,,,,,,,,,,,,,,,,,,,,
Students4Students,alex.astley@students4students.org.uk,passed,Oxford,Yes,27.09.16,Rebecca,,,,,,,,,,,,,,,,,,,,
SynOX,robert.oppenheimer@wolfson.ox.ac.uk,passed,Oxford,Yes,27.09.16,Rebecca,,,,,,,,,,,,,,,,,,,,
Taruithorn,taruithorn@gmail.com,passed,Oxford,Yes,27.09.16,Rebecca,,,,,,,,,,,,,,,,,,,,
The Arcadian Singers,arcadiansingersoxford@gmail.com,passed,Oxford,Yes,27.09.16,Rebecca,,,,,,,,,,,,,,,,,,,,
The Chapel Choir of St John's College,cecilia.peker@sjc.ox.ac.uk,passed,Oxford,Yes,27.09.16,Rebecca,,,,,,,,,,,,,,,,,,,,
The Donut Kings,donutkingsoxford@gmail.com,passed,Oxford,Yes,27.09.16,Rebecca,,,,,,,,,,,,,,,,,,,,
The Failed Novelists,failednovelists@gmail.com,passed,Oxford,Yes,27.09.16,Rebecca,,,,,,,,,,,,,,,,,,,,
The John Wesley Society in Oxford,committee@johnwesleysociety.org.uk,passed,Oxford,Yes,27.09.16,Rebecca,,,,,,,,,,,,,,,,,,,,
The One Day Play,bryony186@gmail.com,passed,Oxford,Yes,27.09.16,Rebecca,,,,,,,,,,,,,,,,,,,,
The Oxford Alternotives,theoxfordalts@gmail.com,passed,Oxford,Yes,27.09.16,Rebecca,,,,,,,,,,,,,,,,,,,,
The Oxford Belles,theoxfordbelles@gmail.com,passed,Oxford,Yes,27.09.16,Rebecca,,,,,,,,,,,,,,,,,,,,
The Oxford Book Club,theoxfordbookclub@gmail.com,passed,Oxford,Yes,27.09.16,Rebecca,,,,,,,,,,,,,,,,,,,,
The Oxford Culture Review,theoxfordculturereview@gmail.com,passed,Oxford,Yes,27.09.16,Rebecca,Yes,,,,,,,,,,,,,,,,,,,
The Oxford Forum,theoxfordforum.communications@gmail.com,passed,Oxford,Yes,27.09.16,Rebecca,,,,,,,,,,,,,,,,,,,,
The Oxford Gargoyles,oxfordgargoyles@googlemail.com,passed,Oxford,Yes,27.09.16,Rebecca,,,,,,,,,,,,,,,,,,,,
The Oxford Guild Business Society,president@theoxfordguild.com,passed,Oxford,Yes,27.09.16,Rebecca,,,,,,,,,,,,,,,,,,,,
The Oxford Left Review,oxfordleftreview@gmail.com,passed,Oxford,Yes,27.09.16,Rebecca,,,,,,,,,,,,,,,,,,,,
The Oxford Star Trek Society,oscar.acton@jesus.ox.ac.uk,passed,Oxford,Yes,27.09.16,Rebecca,,,,,,,,,,,,,,,,,,,,
The Oxford University Invariant Society,president@invariants.org.uk,passed,Oxford,Yes,27.09.16,Rebecca,,,,,,,,,,,,,,,,,,,,
The Oxymoron,oxonsatire@gmail.com,passed,Oxford,Yes,27.09.16,Rebecca,,,,,,,,,,,,,,,,,,,,
The Pillowman at the Oxford Playhouse,thepillowman2014@gmail.com,passed,Oxford,Yes,27.09.16,Rebecca,,,,,,,,,,,,,,,,,,,,
The Three Musketeers,suzannah.king@regents.ox.ac.uk,passed,Oxford,Yes,27.09.16,Rebecca,,,,,,,,,,,,,,,,,,,,
The Vulture Sessions,jack.saville@new.ox.ac.uk,passed,Oxford,Yes,27.09.16,Rebecca,,,,,,,,,,,,,,,,,,,,
Theology Network,pauljchilds1@gmail.com,passed,Oxford,Yes,27.09.16,Rebecca,,,,,,,,,,,,,,,,,,,,
Touch Rugby,miles.partridge@ccc.ox.ac.uk,passed,Oxford,Yes,27.09.16,Rebecca,,,,,,,,,,,,,,,,,,,,
Trinity College Orchestra,charlotte.lynch@trinity.ox.ac.uk,passed,Oxford,Yes,27.09.16,Rebecca,,,,,,,,,,,,,,,,,,,,
Turl Street Orchestra,oxfordturlstreetorchestra@gmail.com,passed,Oxford,Yes,27.09.16,Rebecca,,,,,,,,,,,,,,,,,,,,
University College Music Society,grace.mallon@univ.ox.ac.uk,passed,Oxford,Yes,27.09.16,Rebecca,,,,,,,,,,,,,,,,,,,,
University Drama Officer,drama.officer@admin.ox.ac.uk,passed,Oxford,Yes,27.09.16,Rebecca,,,,,,,,,,,,,,,,,,,,
Varsity Horse Racing Squad,alice.stables@mac.com,passed,Oxford,Yes,27.09.16,Rebecca,,,,,,,,,,,,,,,,,,,,
VERSA News,editor@versanews.co.uk,passed,Oxford,Yes,27.09.16,Rebecca,,,,,,,,,,,,,,,,,,,,
Vietnamese Society in Oxford,vnoxford@gmail.com,passed,Oxford,Yes,27.09.16,Rebecca,,,,,,,,,,,,,,,,,,,,
West Side Story,isabel.ogilvie-smith@seh.ox.ac.uk,passed,Oxford,Yes,27.09.16,Rebecca,,,,,,,,,,,,,,,,,,,,
WILD Magazine,oxfordwildmagazine@gmail.com,passed,Oxford,Yes,27.09.16,Rebecca,,,,,,,,,,,,,,,,,,,,
Winton Volunteers,wintonvolunteers@gmail.com,passed,Oxford,Yes,27.09.16,Rebecca,,,,,,,,,,,,,,,,,,,,
